ImageId,ClassId
0000f269f.jpg,1
000ccc2ac.jpg,3
002451917.jpg,3
003c5da97.jpg,3
0042e163f.jpg,3
004f40c73.jpg,3
00513039a.jpg,4
006f39c41.jpg,1
008725cbc.jpg,3
0098ca44e.jpg,3
00a0b7730.jpg,1
00a0f9949.jpg,3
00b000b81.jpg,3
00b7fb703.jpg,3
00bbcd9af.jpg,3
00d72c660.jpg,3
00df5b714.jpg,3
00f3799a7.jpg,3
0108ce457.jpg,3
0109b68ec.jpg,3
010ec96b4.jpg,3
011a7e2a9.jpg,3
0126f74ef.jpg,1
012754bbb.jpg,3
01588ee42.jpg,3
015be539e.jpg,3
017796c88.jpg,3
017bd7ce3.jpg,3
018d7b0a1.jpg,1
019258298.jpg,3
0197bb47e.jpg,3
01b17e176.jpg,2
01b2163b7.jpg,3
01b47d973.jpg,3
01b50837f.jpg,4
01cc31534.jpg,3
01d3e8fcb.jpg,3
01d49cd47.jpg,3
01db22c17.jpg,3
01e640f20.jpg,3
020ffb2d3.jpg,3
021656fe0.jpg,3
02217a5cc.jpg,4
0224561d0.jpg,3
0241cf678.jpg,3
0246ad619.jpg,1
02538bec6.jpg,1
02662fd2f.jpg,3
0280c72a9.jpg,3
028aca84a.jpg,3
029e85b9e.jpg,3
02a2397e9.jpg,3
02a5c3ba0.jpg,3
02aeac4e1.jpg,3
02ba931ee.jpg,3
02d5824f4.jpg,3
02d963811.jpg,3
0308d04d4.jpg,3
030d3d1f1.jpg,3
0312942d7.jpg,1
032def1ac.jpg,3
0331f9050.jpg,3
03320bbea.jpg,1
03542d83e.jpg,3
035edaac9.jpg,3
0365621ee.jpg,3
036ce687a.jpg,3
036f40a1f.jpg,3
037037088.jpg,3
037e7564c.jpg,3
0384b28ff.jpg,3
038682ebd.jpg,3
038f464cd.jpg,1
0394ff5b6.jpg,1
039a71736.jpg,3
03a064329.jpg,3
03bb32e93.jpg,3
03be9b5e9.jpg,3
03dd1a693.jpg,3
03ef260a6.jpg,3
03f99a07c.jpg,3
03fc8e099.jpg,3
04013582c.jpg,3
040f8e738.jpg,3
0412d61ae.jpg,3
0423bb16d.jpg,3
0431e2e71.jpg,3
043644842.jpg,1
0448e9c13.jpg,3
0460c2d67.jpg,3
04636749a.jpg,3
046763b38.jpg,3
04709f4ef.jpg,3
04922a23f.jpg,3
04ac89bbc.jpg,3
04ad21162.jpg,3
04add8f93.jpg,1
04b6312db.jpg,3
04bb7b026.jpg,1
04cc40fce.jpg,3
04d3453a4.jpg,3
04e73b12f.jpg,3
04e78fd86.jpg,3
05118ab76.jpg,3
0514d0f42.jpg,3
051b463b2.jpg,1
052295ad4.jpg,3
05288f642.jpg,3
052b0be38.jpg,3
05476cc3d.jpg,3
054b03d9a.jpg,3
05554c6d9.jpg,3
055ea67b0.jpg,3
05646491c.jpg,3
056c957b5.jpg,3
0575a94b5.jpg,3
057753630.jpg,3
05877f855.jpg,3
058aa1478.jpg,3
05931810f.jpg,3
059750041.jpg,3
05ab2ef1b.jpg,3
05affe001.jpg,3
05b277fe6.jpg,3
05c041cae.jpg,3
05cb27a3f.jpg,3
05d93a09f.jpg,3
05e054571.jpg,3
05e460c81.jpg,3
05f9ab059.jpg,3
06010432e.jpg,3
0622e38c0.jpg,3
063578d05.jpg,3
063687351.jpg,3
06408d355.jpg,3
064151eee.jpg,1
064abd7c5.jpg,3
065b9097b.jpg,3
06706aba1.jpg,3
06708f73c.jpg,3
0676cc4a1.jpg,3
068698697.jpg,1
0693ae6fd.jpg,3
0698ffa7a.jpg,3
06b04779f.jpg,3
06bc25530.jpg,3
06be52dfd.jpg,3
06c2d79b1.jpg,3
06dc73f58.jpg,3
06e803ff6.jpg,1
06eb68728.jpg,3
06ebfef3d.jpg,3
06f06e101.jpg,3
07039bb91.jpg,3
070a02a77.jpg,1
0711a3fd6.jpg,3
071d4562e.jpg,3
071d53c1e.jpg,3
072135c11.jpg,3
072793b5b.jpg,2
0767184f2.jpg,3
0773c1d35.jpg,3
078248a24.jpg,2
0783111db.jpg,3
078662bf4.jpg,3
078b924cd.jpg,3
078f4f53a.jpg,1
0793dde4e.jpg,3
07988700a.jpg,3
07ab05fc1.jpg,3
07abc49a1.jpg,3
07d589794.jpg,1
07ed824fe.jpg,3
07ef4b270.jpg,3
07f57bf29.jpg,3
07fb457f6.jpg,3
07fbd21c0.jpg,1
07fc13b34.jpg,3
080a44c75.jpg,3
0824ce39d.jpg,3
08316ae4c.jpg,3
083543e99.jpg,1
0843ceda2.jpg,3
084f5eb25.jpg,3
0854a9de6.jpg,3
08580fb3f.jpg,4
0868a7540.jpg,3
08696122b.jpg,3
086a99079.jpg,3
086b21b4a.jpg,1
087dcd5e0.jpg,3
08903b459.jpg,1
089f6b895.jpg,1
08acc380f.jpg,3
08bbebd35.jpg,3
08c187198.jpg,3
08e148869.jpg,1
08eb55937.jpg,3
08f5bdf67.jpg,3
0908c749f.jpg,3
0909fc5fc.jpg,3
09241cda3.jpg,3
0944fc8b7.jpg,3
0951f3e9a.jpg,3
095c67738.jpg,3
09622a856.jpg,3
096e7338a.jpg,3
096fa2f7c.jpg,3
097311f2c.jpg,1
097cd168d.jpg,3
0986968be.jpg,3
09a64bae9.jpg,3
09a71e9c9.jpg,3
09b7a2ac8.jpg,3
09c3c164d.jpg,3
09c5e376e.jpg,3
09ed6bbe0.jpg,3
09ee20018.jpg,1
09fc213d8.jpg,3
0a2c9f2e5.jpg,3
0a2dbbb6f.jpg,3
0a3962685.jpg,3
0a4792145.jpg,3
0a4f51d13.jpg,1
0a53530e4.jpg,3
0a63f7765.jpg,3
0a659fc98.jpg,1
0a6c82f04.jpg,3
0a75abc60.jpg,3
0a91cdf07.jpg,3
0a9cbb927.jpg,3
0ab19ebdf.jpg,1
0ab9ebd28.jpg,3
0ad9a817d.jpg,3
0adb09acc.jpg,3
0aeb32788.jpg,1
0aef8636a.jpg,3
0af0c1a38.jpg,3
0af12ab04.jpg,3
0af6cca36.jpg,3
0b0bc7a5e.jpg,3
0b1996caa.jpg,3
0b2f0a191.jpg,3
0b2fcc8a7.jpg,3
0b38663b1.jpg,3
0b4190c7b.jpg,3
0b49b38a8.jpg,2
0b5aff1f6.jpg,3
0b67c64ef.jpg,3
0b6ab19ef.jpg,3
0b6c3017a.jpg,3
0b8a67c45.jpg,3
0b970984e.jpg,1
0b9c24d77.jpg,3
0ba9adf07.jpg,3
0baf676c5.jpg,3
0bb203506.jpg,3
0bc07c91d.jpg,3
0bcd1dd27.jpg,4
0bd004c2d.jpg,3
0bdfd29ba.jpg,3
0be103df4.jpg,3
0be9a389b.jpg,1
0c07878e4.jpg,3
0c09b6aae.jpg,3
0c124b96b.jpg,4
0c28d21ac.jpg,3
0c43e812f.jpg,1
0c7e3ad20.jpg,3
0c89cdd48.jpg,3
0c8d05059.jpg,3
0c8d438af.jpg,3
0c8ea05b5.jpg,3
0caaaab31.jpg,3
0cab88a19.jpg,3
0cca51b4a.jpg,3
0ccde8827.jpg,3
0cff650d0.jpg,3
0d0192c26.jpg,3
0d0491e30.jpg,3
0d0693702.jpg,3
0d09f4fe6.jpg,3
0d0d892af.jpg,1
0d1bd807f.jpg,3
0d34f79dd.jpg,3
0d495e517.jpg,1
0d695ead3.jpg,3
0d6a860fb.jpg,3
0d6d434d5.jpg,1
0d70bc622.jpg,3
0d70f61f0.jpg,3
0d73b6f49.jpg,3
0d8ba3c7a.jpg,3
0d97feb4c.jpg,3
0d9f9e252.jpg,4
0da22916c.jpg,3
0da3a4fec.jpg,1
0dad2a5d8.jpg,3
0db3d7835.jpg,3
0dc6152ea.jpg,1
0dc7208bc.jpg,3
0dca5a37d.jpg,3
0dcac304d.jpg,3
0dd0914b7.jpg,3
0dd0fb9e9.jpg,3
0dd7d22e8.jpg,3
0ddd1793a.jpg,3
0df74e42c.jpg,3
0e19b993b.jpg,3
0e1ec56c9.jpg,3
0e2a7bf1c.jpg,3
0e2adcd02.jpg,3
0e2b8395f.jpg,1
0e2ffbda0.jpg,3
0e39b3fcc.jpg,3
0e6b42f13.jpg,3
0e87f7c13.jpg,3
0ebcda41f.jpg,3
0ec0c0c9a.jpg,3
0ee897275.jpg,3
0ef221ffb.jpg,3
0ef839b31.jpg,3
0eff2c721.jpg,3
0f01b7c86.jpg,3
0f04ef25b.jpg,3
0f0a4b698.jpg,3
0f24cf376.jpg,3
0f30bc1b8.jpg,3
0f3231673.jpg,3
0f3308225.jpg,3
0f3a8491e.jpg,3
0f3b9f593.jpg,3
0f3e66de8.jpg,3
0f3edf035.jpg,1
0f4b219a5.jpg,3
0f4ede76b.jpg,3
0f7143ecf.jpg,3
0f8220fbb.jpg,3
0f951de7f.jpg,3
0f9b81748.jpg,4
0fa2f1fa2.jpg,3
0fa896af1.jpg,1
0fa9da7c4.jpg,3
0fba40f3f.jpg,3
0fbc1597c.jpg,3
0fbfcbfc7.jpg,3
0fca4da52.jpg,3
0fcc32d77.jpg,1
0fedbb76d.jpg,3
100608ebe.jpg,3
1014ae8b8.jpg,3
1015247cb.jpg,3
1016fea9f.jpg,3
102fade86.jpg,3
1030addf7.jpg,3
105b4ca50.jpg,3
106062893.jpg,1
106f154fb.jpg,3
108d5c6f3.jpg,3
10c4e035c.jpg,3
10d64f676.jpg,3
10e3e1ae2.jpg,2
10e8e6ddd.jpg,3
10ef9442b.jpg,3
10f5bf83c.jpg,3
10f8c3298.jpg,3
10fa7a37e.jpg,3
110caee87.jpg,3
111639f89.jpg,3
111fe3dfb.jpg,3
111fe8687.jpg,3
112586ab2.jpg,3
1134a8e6b.jpg,3
114baa233.jpg,3
115a301e7.jpg,3
1160c4155.jpg,3
1169bcb61.jpg,3
1179d7767.jpg,3
1182ee396.jpg,3
119634f91.jpg,3
1197190fe.jpg,3
11a5538cf.jpg,3
11c93ce67.jpg,3
11f2d55e6.jpg,3
1200683b1.jpg,3
120ff903f.jpg,1
1212dd38b.jpg,3
1213f7130.jpg,3
121d3e991.jpg,3
122192581.jpg,3
122b15b9a.jpg,3
122dea056.jpg,3
123c6cc00.jpg,3
123d9dc00.jpg,3
12603637b.jpg,3
1262a98bb.jpg,3
127914d2b.jpg,3
128b5312a.jpg,3
12994c370.jpg,4
129a88951.jpg,3
12a4ca7a8.jpg,4
12a57aaed.jpg,3
12b38e51c.jpg,3
12dbd0a30.jpg,3
12e67ba9a.jpg,3
13147072c.jpg,1
1328718fd.jpg,3
132b2c849.jpg,3
132b7fde7.jpg,3
133058b4e.jpg,3
13322114f.jpg,3
133979f5b.jpg,3
133fe40b6.jpg,3
1344843d5.jpg,2
134f14a98.jpg,3
1359ddaa3.jpg,3
136513dbf.jpg,1
137103769.jpg,3
1374fecc2.jpg,3
138d7937a.jpg,3
139ba377e.jpg,3
13a1c8221.jpg,3
13abf1121.jpg,3
13b049f6e.jpg,3
13b276e49.jpg,3
13b6775dd.jpg,3
13c95cc54.jpg,1
13d833e9d.jpg,3
13da1f222.jpg,3
13ef8001d.jpg,3
13f4b026a.jpg,3
140a789cf.jpg,3
1418b3730.jpg,3
1425c065f.jpg,4
14381c0a6.jpg,3
14395ea48.jpg,3
1445d5ab6.jpg,3
144bb6395.jpg,3
14646e7bb.jpg,3
147a1b7ac.jpg,3
14a02fcfb.jpg,3
14a0acdd6.jpg,1
14adc7208.jpg,3
14d73d22f.jpg,3
14df10cc6.jpg,3
14e9e2266.jpg,3
14efb8981.jpg,3
14f307da8.jpg,3
150ddcaa5.jpg,3
1510e3d5d.jpg,3
153865bf5.jpg,1
1542e8b89.jpg,1
154f36f41.jpg,3
157ccef08.jpg,3
15991cba5.jpg,2
159bb4951.jpg,3
159caed50.jpg,3
15a75f03a.jpg,3
15bf62435.jpg,3
15c5d6e68.jpg,3
15c89cd10.jpg,3
15d5b7d01.jpg,3
15e92a657.jpg,1
15f36c028.jpg,3
16070626a.jpg,3
162959249.jpg,3
1629f0fd3.jpg,1
163832315.jpg,3
163bb0319.jpg,3
1652f739d.jpg,3
1658c3f00.jpg,3
1659050ee.jpg,3
165be877c.jpg,3
1661a5935.jpg,3
1665a9aa3.jpg,3
166df66fa.jpg,3
1672505e5.jpg,1
167a15e46.jpg,3
168d569cb.jpg,3
16b4b381f.jpg,3
16b6212be.jpg,1
16c25e5bd.jpg,3
16c79808e.jpg,3
16c84984c.jpg,3
16d77499b.jpg,3
16dc18581.jpg,1
16e5cabec.jpg,3
16eb22c40.jpg,3
1709a0811.jpg,3
171ff4d5d.jpg,3
173263982.jpg,3
1748f0bd2.jpg,3
1759e4b70.jpg,3
176b6a74b.jpg,3
17824cd96.jpg,3
179a5ea0b.jpg,3
17a654936.jpg,3
17a6dce92.jpg,1
17b3cd0d9.jpg,3
17bc2934d.jpg,3
17cc619b0.jpg,3
17f40ff23.jpg,3
17f6716dd.jpg,3
1800f04df.jpg,3
1804f41eb.jpg,3
180750e88.jpg,3
1808f2da2.jpg,3
180c1ef29.jpg,3
180c38495.jpg,1
180e4c980.jpg,3
183a346ed.jpg,2
183ee6fa4.jpg,3
184c34cbf.jpg,2
1851312f7.jpg,1
1859bb7f6.jpg,3
18617aa7b.jpg,3
1865593bf.jpg,3
186c47869.jpg,3
18beca643.jpg,3
18d7c86bd.jpg,3
18db458af.jpg,3
18df56cd6.jpg,3
19020daa4.jpg,1
1924ec417.jpg,3
193acb58d.jpg,3
19439013c.jpg,3
1949816d9.jpg,4
195305ea0.jpg,3
195b0a65d.jpg,3
195bf8a80.jpg,3
195c61b24.jpg,1
1968fb78e.jpg,3
19744f24c.jpg,3
197e8050c.jpg,1
19876bdf3.jpg,3
1993484d5.jpg,3
19a83d990.jpg,3
19bca9e75.jpg,3
19bdfb8c3.jpg,3
19c0e7a52.jpg,1
19d15f3ea.jpg,1
19e2b0036.jpg,3
19e928ecc.jpg,3
19f2985fc.jpg,3
19f5074d1.jpg,3
1a098c41a.jpg,1
1a10092a3.jpg,3
1a10c8f0b.jpg,3
1a18720ac.jpg,3
1a2ec4a37.jpg,3
1a4371011.jpg,3
1a45d93f9.jpg,3
1a4836303.jpg,3
1a5e3ba10.jpg,3
1a675258e.jpg,3
1a6f34cc3.jpg,3
1a75ce1fb.jpg,3
1a77ce6c1.jpg,3
1a8003e79.jpg,3
1a81781ac.jpg,3
1a8ce43bd.jpg,1
1a8d5a3b3.jpg,1
1a9089020.jpg,3
1a9b84f4a.jpg,1
1aa4de306.jpg,3
1aaf1d4bf.jpg,1
1acd59ebd.jpg,3
1ad06511f.jpg,3
1ae67586f.jpg,3
1ae7ee8e6.jpg,3
1af1b2498.jpg,1
1af7ac008.jpg,3
1afdb07bc.jpg,3
1b0c8b4c1.jpg,3
1b18be182.jpg,3
1b246801d.jpg,3
1b2f07f66.jpg,3
1b33c7cbc.jpg,3
1b4a144d8.jpg,3
1b5984acb.jpg,3
1b5cb4f82.jpg,3
1b97aadae.jpg,3
1ba63ec01.jpg,3
1bbf4b4c0.jpg,3
1bd4cb215.jpg,3
1bd691842.jpg,3
1bdc31ef8.jpg,1
1be2ffab3.jpg,3
1be630774.jpg,3
1be8009b9.jpg,4
1be8118bd.jpg,3
1bf399171.jpg,3
1bf868141.jpg,3
1c1228d26.jpg,3
1c248f2a6.jpg,1
1c38cbe2a.jpg,1
1c4fef904.jpg,3
1c644316d.jpg,1
1c65dbc80.jpg,3
1c9bb8ec3.jpg,3
1c9ce242c.jpg,3
1ca4fed9d.jpg,3
1cb3a9f21.jpg,3
1cc845fa1.jpg,3
1cd417a0d.jpg,3
1cdae059e.jpg,1
1cdc0358f.jpg,3
1cf514557.jpg,1
1d423df67.jpg,3
1d45bd46e.jpg,1
1d52eb20c.jpg,3
1d55488c6.jpg,1
1d617527f.jpg,3
1d69e0984.jpg,3
1d6d17048.jpg,3
1d70478fc.jpg,3
1d7d8c3d7.jpg,4
1da488b97.jpg,3
1dad3d406.jpg,1
1dc94320f.jpg,3
1ddca477a.jpg,3
1dfb4b3b9.jpg,2
1e00f8a4b.jpg,3
1e06d1908.jpg,3
1e2a28cae.jpg,3
1e2d2cd61.jpg,3
1e2dd2a8a.jpg,3
1e3a5f87c.jpg,3
1e446e941.jpg,3
1e45cda5b.jpg,3
1e586e037.jpg,3
1e5c3fed8.jpg,3
1e7ba840e.jpg,3
1e7e2c738.jpg,3
1e84f3a9e.jpg,3
1e8db7139.jpg,3
1e8f59c7e.jpg,3
1ea3b39e5.jpg,3
1ea9f15ee.jpg,1
1eb204d65.jpg,3
1eb2637a1.jpg,3
1eb58c702.jpg,1
1ed048a3c.jpg,3
1ed7c09f2.jpg,3
1ed95cd11.jpg,3
1edcc97b3.jpg,3
1eeaca7cd.jpg,3
1ef19628e.jpg,3
1ef1a6da1.jpg,3
1f17b2dff.jpg,3
1f3f95dc7.jpg,3
1f4c3c954.jpg,3
1f67b3ce5.jpg,3
1f6c37f24.jpg,3
1f6d91f6c.jpg,3
1f729385f.jpg,3
1f9011c8f.jpg,3
1f9c05f84.jpg,3
1fabf19ce.jpg,3
1fad50f70.jpg,3
1fb5e7c10.jpg,3
1fbd6dd6b.jpg,3
1fc9188eb.jpg,3
1fd3af8fc.jpg,3
1fd3dfbe9.jpg,3
1fd985687.jpg,3
1fe59bd82.jpg,3
1fe7ca585.jpg,3
1fee22ffe.jpg,3
1ff724178.jpg,3
20026f9ea.jpg,3
20036e2e4.jpg,3
203971df8.jpg,1
204614236.jpg,3
2047cf8bb.jpg,3
20481f759.jpg,1
204b55ba0.jpg,1
204d469bd.jpg,3
205522c82.jpg,3
20613afeb.jpg,3
2064409a8.jpg,1
206e5971c.jpg,3
20737447a.jpg,1
2080d4f8d.jpg,3
2096fe078.jpg,3
20a29aa60.jpg,3
20a7c32e8.jpg,3
20c8c99a2.jpg,3
20d26c5a2.jpg,3
20d2cea7c.jpg,3
20dfc6a8f.jpg,3
20e301d9c.jpg,3
20ff95879.jpg,3
21193989e.jpg,3
211af4a0f.jpg,3
211bda0b6.jpg,1
212c96fa2.jpg,3
2139ce563.jpg,3
214bf7213.jpg,3
21585a8d1.jpg,3
2159379d5.jpg,3
215b8fef8.jpg,3
216c8f942.jpg,3
216f0c026.jpg,3
21875726a.jpg,3
219bee1ff.jpg,3
21ae10f45.jpg,3
21cc5a166.jpg,3
21ce09e42.jpg,3
21d4ce9c4.jpg,3
21db90472.jpg,3
21df4a83e.jpg,2
21e28f2e5.jpg,3
21e7bf194.jpg,1
21ebe92f6.jpg,3
21f4dc79e.jpg,3
2208028db.jpg,1
22088ced1.jpg,3
2209ff22d.jpg,3
2233caaaf.jpg,3
2235e045d.jpg,3
22361cd74.jpg,3
225028fc0.jpg,3
22514c432.jpg,3
2252e37ef.jpg,3
225530c4f.jpg,1
2262f1399.jpg,3
2275fd601.jpg,1
228137fed.jpg,3
22919e545.jpg,3
2295a2122.jpg,3
229edc946.jpg,4
22a6e8c6a.jpg,3
22cdb1235.jpg,1
22cdb98f6.jpg,3
22ce2bb5f.jpg,4
22ce555d6.jpg,3
22cf9fded.jpg,3
22d892b68.jpg,1
22ed95303.jpg,3
22ef16f72.jpg,1
22eff0154.jpg,3
22f491abc.jpg,4
22f6ac633.jpg,3
22fba2f68.jpg,4
230581d50.jpg,3
23217bed8.jpg,3
232dc06e5.jpg,3
2331ccc20.jpg,3
23365fa94.jpg,3
2338c3671.jpg,3
233ba8cdc.jpg,3
233bb16d1.jpg,3
234198d88.jpg,3
2350dccf0.jpg,1
2354dd301.jpg,3
236244295.jpg,3
2363573c7.jpg,3
2374caa1e.jpg,3
23850b3bc.jpg,3
238f984c2.jpg,3
23949cda8.jpg,3
23a37ff65.jpg,3
23af382b2.jpg,3
23b6fcfa1.jpg,3
23e0d228d.jpg,3
23e3f9870.jpg,3
23fdc939d.jpg,3
24313b504.jpg,3
2435a1db4.jpg,3
243bdc490.jpg,3
2443eff4b.jpg,3
244a982e0.jpg,3
244d10e4a.jpg,3
2472ad1f2.jpg,3
2475b476d.jpg,3
24810ee2c.jpg,3
2487ebb54.jpg,3
2494df772.jpg,3
24b541e55.jpg,3
24c30e916.jpg,3
24d3302c8.jpg,3
24dad8665.jpg,1
24e1f2523.jpg,3
24eefbda6.jpg,3
24f04c554.jpg,3
2511baed5.jpg,3
25125c191.jpg,3
251381c73.jpg,4
2514b2cb1.jpg,3
2523fef1b.jpg,3
2525f0bcc.jpg,3
2536777a8.jpg,3
256aeb46a.jpg,3
256eb8ae3.jpg,3
25706843b.jpg,1
2588ba87a.jpg,3
25a1d91d4.jpg,3
25a8d81e4.jpg,3
25afa31f2.jpg,3
25bac7f1d.jpg,1
25c5fe53a.jpg,1
25d617d88.jpg,3
25dbbb749.jpg,3
25df72059.jpg,3
260124c49.jpg,3
26197a7b9.jpg,3
26306db43.jpg,3
263934510.jpg,3
2643cff8d.jpg,3
26478eaba.jpg,1
264ba50ca.jpg,3
265dbf5ce.jpg,3
265e7c408.jpg,3
266a9f76c.jpg,3
266ff72a3.jpg,3
268a06d26.jpg,3
269431f85.jpg,3
2699f2a15.jpg,3
269eb0599.jpg,3
26a2f9809.jpg,3
26d4c1c22.jpg,3
26e7c55a1.jpg,3
26f0fe7bd.jpg,1
26f695c7d.jpg,3
270a7983c.jpg,3
2710a5b31.jpg,3
272391863.jpg,1
2728ac2e4.jpg,1
272afb185.jpg,3
272e97e63.jpg,4
273d5bd8b.jpg,3
274004b27.jpg,3
2741c6716.jpg,3
2743686aa.jpg,3
27453bb28.jpg,3
274cd61fa.jpg,3
2753a5096.jpg,2
275612092.jpg,3
278aa99c1.jpg,3
278b20cb1.jpg,3
278f8ec18.jpg,1
27a2021f7.jpg,1
27acdf5a0.jpg,3
27afa16e1.jpg,3
27be3e0d8.jpg,3
27cd8f9f5.jpg,3
27e005837.jpg,4
27eed9226.jpg,3
28053cc1d.jpg,3
2806e873d.jpg,1
280e93616.jpg,3
28138ebf2.jpg,3
2819eaa18.jpg,2
2823dbcae.jpg,3
2825e54a8.jpg,3
282759a7d.jpg,3
282995a7c.jpg,3
28351fcc7.jpg,3
28401ee19.jpg,3
284976a11.jpg,4
2854145c5.jpg,3
287093205.jpg,3
28774a810.jpg,3
28886a2f4.jpg,3
288d92035.jpg,3
289d347d9.jpg,3
28abae65f.jpg,3
28ae995da.jpg,3
28c2b84a3.jpg,3
28db23078.jpg,3
28e585174.jpg,3
28fdc7d3d.jpg,3
290135f51.jpg,3
2907ef288.jpg,2
291723a3e.jpg,3
2929a4966.jpg,3
293581351.jpg,3
29490725f.jpg,3
2951e3fd4.jpg,3
2954d0ed5.jpg,3
295cfb06c.jpg,3
2961e4994.jpg,1
297354977.jpg,3
29a71d107.jpg,1
29acfaa7a.jpg,3
29dc30e16.jpg,3
29e48c5cb.jpg,3
2a0f8a9cb.jpg,3
2a17f8fed.jpg,2
2a36805c6.jpg,3
2a5cc5f58.jpg,1
2a67775aa.jpg,3
2a6e93687.jpg,3
2a821132a.jpg,3
2a830069f.jpg,3
2a86ade0d.jpg,3
2a8bec9ce.jpg,3
2a9352386.jpg,3
2ad7cca24.jpg,3
2ad9c7f2a.jpg,3
2ade2050b.jpg,3
2aedef912.jpg,3
2af785568.jpg,1
2b0e5c7d5.jpg,3
2b1c28762.jpg,3
2b1d146af.jpg,3
2b1d664af.jpg,3
2b33f6956.jpg,3
2b4ea2115.jpg,3
2b53b0491.jpg,3
2b5a7087b.jpg,3
2b6c68337.jpg,3
2b75eb7ae.jpg,2
2b797bba8.jpg,3
2b7e99f41.jpg,3
2b831f411.jpg,3
2b9a64a2a.jpg,3
2ba82045e.jpg,3
2bd0609c8.jpg,3
2bd4e6058.jpg,3
2be8951dd.jpg,3
2beb4de91.jpg,3
2c037057b.jpg,3
2c09c3654.jpg,3
2c0eea9dc.jpg,3
2c1285a3c.jpg,3
2c12fe99f.jpg,3
2c15c2bc1.jpg,3
2c21b9ba2.jpg,2
2c29f8e2d.jpg,3
2c300d51e.jpg,3
2c33213b4.jpg,3
2c632dae7.jpg,3
2c6dcf6f4.jpg,3
2c6df432d.jpg,1
2ca4b62ff.jpg,3
2ca9ad806.jpg,1
2cc0169db.jpg,3
2cd567683.jpg,3
2ce89fa13.jpg,3
2d0747da9.jpg,3
2d1bd31e6.jpg,3
2d2474be8.jpg,3
2d3b1ad23.jpg,3
2d5a400dd.jpg,3
2d6adba8c.jpg,3
2d7979826.jpg,3
2d7c8c432.jpg,3
2d8fa3ef6.jpg,1
2d905add8.jpg,1
2d9a3580f.jpg,3
2dacfac73.jpg,3
2dba99f31.jpg,3
2dbd4efce.jpg,3
2df0b28cd.jpg,3
2df34e86d.jpg,3
2e00fee4c.jpg,3
2e0e61fc8.jpg,3
2e1014fb7.jpg,3
2e19d94c0.jpg,3
2e2429762.jpg,3
2e271886d.jpg,3
2e4095351.jpg,3
2e5393458.jpg,1
2e584cc63.jpg,3
2e65b8365.jpg,3
2e6e52df6.jpg,3
2e820273b.jpg,3
2e92003f5.jpg,3
2ea109f84.jpg,3
2ea56c9de.jpg,3
2eab69ac9.jpg,3
2eb1e6465.jpg,3
2eb811b0c.jpg,3
2ebe3686e.jpg,3
2ec632269.jpg,1
2edfdf413.jpg,3
2efa6b22f.jpg,3
2f17451ae.jpg,3
2f287e453.jpg,3
2f28ac518.jpg,4
2f470be2e.jpg,3
2f502ea2a.jpg,3
2f52bbc6f.jpg,3
2f79a61a4.jpg,3
2f80fed37.jpg,3
2f97adb98.jpg,3
2f985430a.jpg,1
2fa3d820b.jpg,3
2fba1660a.jpg,3
2fd107727.jpg,3
2fd5af1e9.jpg,3
2fdbd1d31.jpg,1
2fe2187a9.jpg,3
2fed1cf68.jpg,3
2ffd7fe3c.jpg,3
3008b56a6.jpg,3
30144acd5.jpg,3
301c32a3a.jpg,3
302217674.jpg,3
302ed47bd.jpg,3
3034c8ebf.jpg,3
3035e9912.jpg,2
3036d3834.jpg,3
3043cf1b4.jpg,3
304492df5.jpg,3
304b3bdb8.jpg,3
30519687a.jpg,3
30555ae7c.jpg,3
30623cb69.jpg,3
3068ec658.jpg,3
306c95929.jpg,3
307b0323b.jpg,3
3086f875f.jpg,3
3088dbd02.jpg,3
308cf8d9e.jpg,3
3097e8933.jpg,3
309ffef19.jpg,3
30a55717f.jpg,3
30a56d378.jpg,3
30b549e48.jpg,1
30c4c1039.jpg,3
30c5c4746.jpg,3
30d7046d6.jpg,3
30f9ab88c.jpg,3
30fcb37ae.jpg,3
3104715c7.jpg,3
31095d315.jpg,3
311a6b255.jpg,3
311d8f805.jpg,3
3123446d1.jpg,1
312357e32.jpg,3
313b0b64d.jpg,3
31402958a.jpg,3
3149e971d.jpg,3
314b55f68.jpg,3
315107e09.jpg,3
31740cf1a.jpg,3
3188fbb13.jpg,1
318cd1ff6.jpg,3
318ce3987.jpg,3
31a959d7b.jpg,3
31b03898c.jpg,3
31b7fed63.jpg,3
31bea1a29.jpg,1
31d8c6e0b.jpg,1
31f0415a5.jpg,3
31f8b702a.jpg,3
3205e816d.jpg,3
3210cd895.jpg,3
321ab0b81.jpg,3
32289df91.jpg,3
3228d8997.jpg,2
322edf0dd.jpg,3
323f90dff.jpg,1
326a38828.jpg,3
3279e63aa.jpg,3
328e3c209.jpg,3
328f71242.jpg,3
32b4030c2.jpg,3
32c27e65f.jpg,3
32c482d1f.jpg,3
32d05be99.jpg,3
32d1baca3.jpg,3
32da76308.jpg,1
32eb8104f.jpg,3
32f336d3e.jpg,3
3325ad108.jpg,3
332b550c7.jpg,3
3340dbf69.jpg,3
33441eb19.jpg,3
334b5fd37.jpg,1
335d78292.jpg,3
33605817c.jpg,3
3361fb498.jpg,3
3373a0b28.jpg,3
337dee7d3.jpg,3
3380a3d4b.jpg,3
338b4c181.jpg,3
33919d2d2.jpg,3
33982e5b7.jpg,3
33a2f6e55.jpg,3
33ca25999.jpg,1
33d296fef.jpg,3
33e2a527e.jpg,3
33e30b75b.jpg,2
33e634b32.jpg,3
33f082c3b.jpg,3
33fd0c742.jpg,3
340107aa6.jpg,3
34187fce7.jpg,3
342ccc7dd.jpg,1
342cd30b6.jpg,3
342e591cb.jpg,3
344bf26d4.jpg,3
345606a92.jpg,3
3466453f0.jpg,1
34797e17f.jpg,3
348045ceb.jpg,3
3499fe8ca.jpg,3
349fee110.jpg,3
34a62868b.jpg,3
34a6b72e3.jpg,1
34d18fa0d.jpg,3
34d919a9a.jpg,3
3506bcfa8.jpg,3
350c6a7f3.jpg,1
350f300d9.jpg,3
35163e78a.jpg,1
351c55d38.jpg,3
352a51247.jpg,1
352c702f6.jpg,3
352d2a90f.jpg,3
352f722e4.jpg,3
354400d01.jpg,3
3550242ec.jpg,3
35544c8c1.jpg,3
356cd7089.jpg,3
3582573e0.jpg,3
3587aeffe.jpg,3
358c4e6ce.jpg,3
35b3295c4.jpg,3
35bd0279b.jpg,3
35ea9e83b.jpg,3
35f50a445.jpg,3
35f86e7b1.jpg,3
3602f7949.jpg,3
361c338bd.jpg,1
3632698d0.jpg,3
36326bc05.jpg,3
3633620be.jpg,3
36336734f.jpg,3
363f4106f.jpg,3
3642f89fc.jpg,3
3644cbe91.jpg,1
364ddbc30.jpg,3
3661ccb2d.jpg,3
367c6121d.jpg,3
367e0bcac.jpg,3
36806ecb7.jpg,3
369947a71.jpg,3
369fd8e23.jpg,3
36a151948.jpg,3
36c0a3815.jpg,3
36d563e6b.jpg,3
36d8a2f44.jpg,3
36dcd9368.jpg,3
36ec0dc8a.jpg,3
370a14a10.jpg,3
37112bd58.jpg,2
371bb49cf.jpg,3
372079a13.jpg,3
372e173f7.jpg,3
3730c15d7.jpg,3
37319d9cc.jpg,1
37365bd82.jpg,3
37368759e.jpg,3
3736d042c.jpg,3
37377fb0f.jpg,3
374034832.jpg,3
3752425f7.jpg,3
3762a80c4.jpg,3
376805654.jpg,1
3777566ce.jpg,3
378272756.jpg,3
378674967.jpg,3
37b9adb93.jpg,4
37be2cc34.jpg,3
37c14ebd5.jpg,3
37c960b1e.jpg,1
37e1d63be.jpg,3
37ee5d3d6.jpg,3
37fa6f7e6.jpg,3
3810c3d37.jpg,3
38143dae3.jpg,3
3816e5fb2.jpg,3
3832538b8.jpg,1
38465541c.jpg,3
384814663.jpg,3
384b1db5f.jpg,3
3850f6b27.jpg,3
38561bc49.jpg,3
385e3fe6c.jpg,3
38601f368.jpg,4
386a70c95.jpg,3
3878198c3.jpg,3
389ceca20.jpg,3
38a11c248.jpg,3
38b06680f.jpg,3
38b9631df.jpg,3
38be9290e.jpg,3
38e7f6e32.jpg,3
38e89262f.jpg,3
390094957.jpg,3
390ea6ce4.jpg,3
39131a7b3.jpg,1
3922129e1.jpg,3
3925e027e.jpg,3
392b3bd6b.jpg,3
392be1c76.jpg,3
3933c29e7.jpg,3
3935818fc.jpg,3
393cf90a5.jpg,3
3950c375a.jpg,3
3955b75fe.jpg,3
3963aac50.jpg,3
3969fe36e.jpg,3
3983af2cc.jpg,3
39b1f852b.jpg,3
39cb1fd7f.jpg,3
39dcf53f9.jpg,3
39eb635d2.jpg,1
39f71da10.jpg,3
3a14ee836.jpg,3
3a1ee3897.jpg,3
3a2283d08.jpg,3
3a3b76e0a.jpg,3
3a43952c6.jpg,3
3a4ce9aa5.jpg,4
3a534d8c9.jpg,3
3a6715c1a.jpg,3
3a7235456.jpg,1
3a75cf4ec.jpg,3
3a8056af4.jpg,4
3a80f8033.jpg,3
3aa9ffcc5.jpg,3
3aab382a9.jpg,3
3aaf585dc.jpg,1
3aba8d683.jpg,3
3abd23c0a.jpg,3
3ac931a18.jpg,3
3aca79e0d.jpg,3
3acf04349.jpg,3
3ae429830.jpg,3
3af48d37a.jpg,1
3af6b3099.jpg,1
3af92a316.jpg,4
3b01e6641.jpg,3
3b0da7856.jpg,3
3b1c3a5d0.jpg,3
3b2a280dd.jpg,3
3b3687032.jpg,3
3b42653b7.jpg,3
3b52eca4d.jpg,3
3b56b17a2.jpg,3
3b5e30fba.jpg,3
3b6c36185.jpg,3
3b6f6868f.jpg,3
3b7b7ceaf.jpg,3
3b7e44715.jpg,3
3b83f61ff.jpg,3
3b8fecb17.jpg,3
3b969de88.jpg,3
3ba431895.jpg,1
3bbdc4f14.jpg,3
3bed2eedd.jpg,3
3bee33768.jpg,3
3bf50913b.jpg,3
3bfaccecd.jpg,3
3c0dcc83c.jpg,3
3c105b7b4.jpg,3
3c4454a77.jpg,3
3c4d526e8.jpg,3
3c6469397.jpg,3
3c6854422.jpg,1
3c6b177d2.jpg,3
3c6e5d921.jpg,3
3c7369eb6.jpg,3
3c93807f4.jpg,1
3c9691d0c.jpg,3
3ca7b5258.jpg,3
3cabac622.jpg,3
3cc137693.jpg,1
3cc977045.jpg,1
3ccce52ca.jpg,1
3cd6ac535.jpg,3
3cda89859.jpg,3
3cdc887ce.jpg,3
3ce66d6da.jpg,3
3cea1b62e.jpg,3
3cee96935.jpg,3
3cfa60f2d.jpg,3
3cfda2739.jpg,3
3d0061371.jpg,3
3d060ac2d.jpg,3
3d0ea6368.jpg,3
3d24f9bc4.jpg,3
3d2738235.jpg,3
3d27c410a.jpg,3
3d40518d7.jpg,3
3d4c5361e.jpg,3
3d5d18f9b.jpg,3
3d6211a2f.jpg,3
3d67a43c7.jpg,3
3d68c28a5.jpg,3
3d6d3b4e1.jpg,3
3d726e453.jpg,3
3d8b0c82c.jpg,1
3d8c0069f.jpg,3
3d95c6d0e.jpg,3
3d9bbdf3e.jpg,3
3da41c9f0.jpg,3
3dac7e059.jpg,3
3daf2ff8e.jpg,3
3db5f1334.jpg,1
3dbf3fa5e.jpg,3
3dc2e6b24.jpg,3
3dd0c0c92.jpg,3
3de36e290.jpg,3
3de4313ab.jpg,3
3df07d378.jpg,1
3df222f6a.jpg,3
3dfa71d0d.jpg,3
3e1b9d319.jpg,1
3e33ab363.jpg,1
3e3453f2b.jpg,3
3e430ace5.jpg,3
3e454f45c.jpg,3
3e48dbdef.jpg,1
3e49a04a2.jpg,3
3e51590f0.jpg,3
3e54c62c3.jpg,1
3e6c0f7a4.jpg,4
3e74521f8.jpg,3
3e7ba0552.jpg,3
3e819b6c2.jpg,3
3e9a242e0.jpg,3
3e9d6f8cc.jpg,1
3ea5ee677.jpg,3
3ec25e3fe.jpg,3
3ecd7753b.jpg,3
3ecf2d5ba.jpg,3
3ee3a7b9e.jpg,3
3eed82d4e.jpg,3
3ef60f89b.jpg,3
3ef971a0e.jpg,3
3f0e0a371.jpg,3
3f17e4acc.jpg,3
3f202b2ce.jpg,3
3f208371f.jpg,3
3f2934fdd.jpg,3
3f367b9b3.jpg,3
3f4ec1f44.jpg,3
3f612c53c.jpg,3
3f6145c7d.jpg,3
3f62cb71d.jpg,3
3f692ff67.jpg,3
3f71f1d7b.jpg,3
3f8db1db5.jpg,1
3f9314e1d.jpg,3
3fa703839.jpg,3
3fa9e440d.jpg,3
3fae96c5b.jpg,3
3fb5b0b1f.jpg,3
3fb623a56.jpg,3
3fcbe5470.jpg,4
3fd2ab3cd.jpg,3
3fd94ce7f.jpg,3
3fdb61716.jpg,1
3fe19e33d.jpg,3
3ff293de1.jpg,3
3ff49ae6a.jpg,3
4012264aa.jpg,3
4013437f9.jpg,3
4016a4be2.jpg,1
40350cf8f.jpg,3
4046be032.jpg,3
40485bc6c.jpg,1
40607558c.jpg,3
406815810.jpg,3
407338e32.jpg,3
40768debb.jpg,1
407d43dae.jpg,3
4080b4d05.jpg,3
40b97ac12.jpg,3
40bcf7d16.jpg,2
40be39e44.jpg,1
40c8de4ab.jpg,3
40cce4934.jpg,3
40e764274.jpg,3
40f8087ac.jpg,3
40fabb078.jpg,3
411a144a2.jpg,3
412633edb.jpg,3
413460984.jpg,3
4136f24a9.jpg,3
413e0cb98.jpg,3
4141bd746.jpg,3
414d96788.jpg,3
415539856.jpg,3
418b7376c.jpg,1
418bf2729.jpg,3
41967d8d7.jpg,3
41a30e16c.jpg,3
41b6aea5e.jpg,3
41bbd1076.jpg,3
41cbfc016.jpg,3
41e4c4550.jpg,3
41f51590f.jpg,3
41f81f578.jpg,3
420b68112.jpg,3
421f6e318.jpg,3
4222b0b1d.jpg,3
4223116c6.jpg,3
42234ac37.jpg,3
42333c57d.jpg,3
423a4531e.jpg,3
424516278.jpg,3
424b57fbe.jpg,3
42542bbe6.jpg,1
42636127e.jpg,3
4268b35d9.jpg,3
42795e53d.jpg,3
427b10b21.jpg,3
4291658ce.jpg,3
429a2d97a.jpg,3
429a6437d.jpg,3
42a7c4cd4.jpg,3
42aa6fd93.jpg,3
42ac758fc.jpg,3
42ae82ae2.jpg,3
42c3f7b08.jpg,3
42d4d28f6.jpg,3
42e6c728d.jpg,3
42f162eec.jpg,3
42f269efe.jpg,3
42f2b7c8e.jpg,3
43002ba30.jpg,3
43129c346.jpg,3
43174e99b.jpg,1
431a9ccc3.jpg,3
431e86caa.jpg,3
431ef181d.jpg,3
432cc82fe.jpg,3
4333ec468.jpg,3
4337d169a.jpg,3
433ecc86d.jpg,3
43440f039.jpg,3
43558fbec.jpg,3
435e66b3a.jpg,3
4360329d0.jpg,3
437271da1.jpg,1
438ad7d10.jpg,3
439133dbf.jpg,3
439973eed.jpg,3
439feac51.jpg,3
43a10ca4f.jpg,3
43a20b18b.jpg,1
43b0dec37.jpg,3
43b6a6a1a.jpg,1
43be155b2.jpg,4
43c1a4a70.jpg,1
43cdf7d8d.jpg,3
43d3e6f33.jpg,3
43e98ae7e.jpg,3
43fe37865.jpg,3
4425a3ca1.jpg,3
44398db54.jpg,3
443d3ddd0.jpg,3
44458e244.jpg,3
44529076b.jpg,3
4453800c1.jpg,3
445451d11.jpg,3
44578c960.jpg,3
445a4f77f.jpg,3
446372a47.jpg,3
448546cd8.jpg,3
44859b1b9.jpg,3
448a73204.jpg,3
4490e43c1.jpg,3
44a556271.jpg,3
44a5dd5b9.jpg,3
44a665c86.jpg,3
44aca2961.jpg,3
44bbde24d.jpg,3
44c959096.jpg,3
44ca85273.jpg,3
44d5951f6.jpg,1
44d86ff71.jpg,3
44ebc9b9c.jpg,3
450ae93ff.jpg,3
450e4bd18.jpg,3
451e723f9.jpg,3
454d8aab4.jpg,2
454f1f49f.jpg,3
45603a958.jpg,3
456241aa5.jpg,3
457e96b39.jpg,3
457fc48b6.jpg,3
45b112be2.jpg,3
45cb7a530.jpg,3
45d3107a6.jpg,3
45da4ba4e.jpg,3
45e5a37d9.jpg,4
46005280a.jpg,3
461244df0.jpg,3
462ed8877.jpg,3
46490d7cf.jpg,3
465d8df45.jpg,3
465fc25a2.jpg,3
467e97477.jpg,3
468b52dfd.jpg,3
469ed0fd8.jpg,3
46a3d5669.jpg,4
46aa8fef0.jpg,3
46ab71946.jpg,3
46b63e8e6.jpg,3
46b8a3c36.jpg,3
46bd2aedc.jpg,3
46d2424e8.jpg,1
46effeaf6.jpg,3
470055e36.jpg,1
470c1f76e.jpg,3
470da814d.jpg,3
47196f3d0.jpg,1
4724b83ae.jpg,3
4731631cd.jpg,3
4734df616.jpg,1
474097219.jpg,3
4742aaf6c.jpg,4
4752c59a6.jpg,1
475d8e8d6.jpg,3
47608300f.jpg,1
4778df12c.jpg,3
477cc1c37.jpg,1
47890fdf1.jpg,1
47905a92b.jpg,3
479467fe1.jpg,3
47a65c929.jpg,1
47a821dca.jpg,3
47b4b7309.jpg,1
47c1a0f4a.jpg,3
47c9178a3.jpg,3
47e238c2b.jpg,3
47e2c3429.jpg,3
47f0dff6c.jpg,3
47fb40e7a.jpg,2
4806661d7.jpg,3
4822f7455.jpg,3
483aa8d9e.jpg,3
484944caa.jpg,3
485195199.jpg,3
486e31a14.jpg,3
48739c768.jpg,3
487772f8c.jpg,3
48786fbac.jpg,3
4881c073e.jpg,3
48843943f.jpg,3
488f20b5b.jpg,1
4894c05e2.jpg,3
48994af29.jpg,3
489af01cc.jpg,1
48b838a22.jpg,3
48c11ff86.jpg,3
48c23125e.jpg,3
48c2fa29f.jpg,1
48c3f3058.jpg,3
48d624a89.jpg,3
48e20d67f.jpg,3
48edc93aa.jpg,3
491f3c085.jpg,3
49206b475.jpg,3
49289e055.jpg,3
492e3ed43.jpg,4
492f6c44a.jpg,3
4931bdcff.jpg,3
49420e583.jpg,3
49473a647.jpg,1
496b539bf.jpg,3
4985959b6.jpg,3
49881d3ac.jpg,3
499a9893b.jpg,3
499b84670.jpg,3
499e41bff.jpg,2
49a275291.jpg,3
49a386da3.jpg,3
49b1c08c6.jpg,3
49b82cbb6.jpg,3
49d7ee139.jpg,3
49e22bae6.jpg,3
49e26e878.jpg,3
49e4b8bf4.jpg,2
49ee7d5d6.jpg,3
4a1aa2afb.jpg,3
4a206c588.jpg,3
4a7880215.jpg,3
4a7a588aa.jpg,1
4a7d06ee3.jpg,3
4a84c317a.jpg,3
4a967c042.jpg,3
4a96ab59b.jpg,3
4a9ea3b15.jpg,3
4aa179bf3.jpg,3
4ab23743e.jpg,1
4accf83d2.jpg,3
4ad8ea918.jpg,3
4ae9f7578.jpg,3
4aea652c4.jpg,3
4aea81288.jpg,3
4af55bec7.jpg,1
4b12a77d9.jpg,3
4b2051e3a.jpg,3
4b26d267d.jpg,1
4b42e7bce.jpg,1
4b481e4e2.jpg,3
4b4ab7061.jpg,3
4b4fed977.jpg,3
4b50356da.jpg,3
4b623a56d.jpg,3
4b64a9310.jpg,3
4b6d44881.jpg,3
4b70a1ea7.jpg,3
4b74c6da8.jpg,4
4b8bb2c7a.jpg,3
4ba42db74.jpg,1
4ba69ef7d.jpg,3
4baf21c1f.jpg,3
4bd2bb1d1.jpg,3
4c01904bd.jpg,3
4c172fe9b.jpg,3
4c201e836.jpg,3
4c27e754f.jpg,3
4c35eb6bf.jpg,3
4c394663d.jpg,3
4c3feb803.jpg,3
4c4394609.jpg,3
4c501d173.jpg,3
4c517c179.jpg,1
4c5671c92.jpg,3
4c63aa5c5.jpg,3
4c6a757c4.jpg,3
4c6e9a744.jpg,3
4c7d0c617.jpg,3
4c805698a.jpg,3
4c8b77164.jpg,1
4c94b8945.jpg,3
4cb7d6be7.jpg,3
4cbbc8782.jpg,3
4ccf578d8.jpg,3
4ce10785d.jpg,3
4ce6b0ff9.jpg,3
4cfe7df3f.jpg,3
4cff228ec.jpg,4
4d15569e3.jpg,3
4d1d9a35d.jpg,3
4d33bf863.jpg,3
4d429c29f.jpg,3
4d47bbee9.jpg,3
4d74b499a.jpg,3
4d867efc2.jpg,1
4d8ad1be5.jpg,3
4d9155ef0.jpg,3
4db83ad8d.jpg,3
4dbe9e54b.jpg,3
4dc0acaf8.jpg,3
4dd2b157f.jpg,3
4ddbed78c.jpg,3
4dde69bdb.jpg,3
4df206f87.jpg,1
4e0891122.jpg,3
4e0b35223.jpg,3
4e10602bf.jpg,3
4e287cf65.jpg,3
4e2d3e684.jpg,3
4e48fbcf7.jpg,3
4e5c4ab98.jpg,3
4e6339bd8.jpg,3
4e6d9448e.jpg,3
4e8309017.jpg,3
4e83bb356.jpg,3
4e96ca29e.jpg,1
4ea6093c2.jpg,1
4ea7db587.jpg,3
4eb80af64.jpg,3
4ebedb378.jpg,3
4ec49a3bb.jpg,1
4ecc35d73.jpg,3
4eceaf349.jpg,3
4edbc69c9.jpg,1
4ee9be91a.jpg,1
4efaced22.jpg,1
4f0516a6d.jpg,3
4f102c0cf.jpg,1
4f1b62ebc.jpg,1
4f1f11765.jpg,3
4f324ba00.jpg,3
4f3a1fccf.jpg,3
4f3f3e724.jpg,3
4f42954dd.jpg,3
4f6b16455.jpg,3
4f78756bc.jpg,3
4f8180689.jpg,1
4f84396bf.jpg,3
4f89f5c82.jpg,1
4fbfb2d31.jpg,3
4fc5e354f.jpg,3
4fc700b09.jpg,3
4fd6d8734.jpg,3
4fdd51899.jpg,3
4fe01ee43.jpg,1
5006a583f.jpg,1
5012e0ae6.jpg,3
501425ab6.jpg,1
50254820b.jpg,3
502abdb3e.jpg,3
5030c3a6b.jpg,4
50377feca.jpg,3
5053f8652.jpg,3
505aa7ab2.jpg,3
50682c970.jpg,3
5071f2fea.jpg,3
507273e89.jpg,3
508412e33.jpg,3
50a744777.jpg,1
50a8edad1.jpg,3
50ab678de.jpg,3
50ab78bea.jpg,3
50af3b62e.jpg,1
50e1cd534.jpg,3
50e53e7c3.jpg,3
50f3302b8.jpg,3
50f7c2966.jpg,3
512652b4f.jpg,3
5143357e4.jpg,3
5144b32b4.jpg,4
515fe06c0.jpg,3
5172f2c58.jpg,3
51791df89.jpg,3
517fffea8.jpg,3
5199a0874.jpg,3
51b14c5a5.jpg,1
51c6bfed8.jpg,3
51d567eeb.jpg,1
51dcb8f33.jpg,3
51f5160e9.jpg,3
52112473e.jpg,3
5216c1a71.jpg,3
5218d8778.jpg,3
521fa9d13.jpg,3
5220f7a0d.jpg,3
522b748ce.jpg,4
522cba85f.jpg,3
5253b3543.jpg,3
525fa7aba.jpg,3
5260bbf25.jpg,3
526c07e1d.jpg,3
527fe84ed.jpg,3
5285af262.jpg,3
528a42ce5.jpg,3
528c7a307.jpg,3
529087e45.jpg,3
52a92951f.jpg,3
52bef8669.jpg,3
52c1ea3b8.jpg,3
52c9e988e.jpg,1
52d25bedf.jpg,4
52d2d63ae.jpg,3
52d505bc0.jpg,3
52d57df7a.jpg,3
52e19ee35.jpg,3
52ec4de37.jpg,4
5304fec87.jpg,3
5313ddcb2.jpg,3
531cfc800.jpg,3
532145e5c.jpg,3
532213183.jpg,3
532c4b959.jpg,3
532d65f46.jpg,3
53499ccef.jpg,3
534f1aade.jpg,3
5352fa0c9.jpg,3
53592ec18.jpg,2
53608083c.jpg,3
536437776.jpg,3
53660ffd5.jpg,4
538d8494e.jpg,1
5390e12f2.jpg,3
539b15315.jpg,3
53b4a04bd.jpg,3
53b81074e.jpg,3
53c0ccba7.jpg,3
53d47929e.jpg,4
53d4e26aa.jpg,3
53e0c92cf.jpg,3
53f3ec9be.jpg,3
53ffd9993.jpg,3
5405271e1.jpg,3
5406c01d7.jpg,3
5409d111f.jpg,1
540b42c78.jpg,1
541141070.jpg,3
541e5bfec.jpg,3
5435c902a.jpg,3
543aaa6e1.jpg,3
544390b56.jpg,3
544553680.jpg,3
544f5beba.jpg,3
549c3c94d.jpg,3
549fb29f7.jpg,3
54a757589.jpg,3
54b3149e2.jpg,3
54babbc7b.jpg,3
54c862a0d.jpg,3
54d3df55b.jpg,3
54e77261b.jpg,3
54eb4b690.jpg,1
5500d78ed.jpg,4
550181692.jpg,3
552cc3cd2.jpg,3
55532901c.jpg,3
555917097.jpg,2
555fb5775.jpg,1
55727a004.jpg,3
5575ead92.jpg,3
559759f28.jpg,3
559aceb9e.jpg,3
559b07937.jpg,3
55a3fbe8b.jpg,3
55b1a1e8c.jpg,3
55b6b0853.jpg,3
55b9d15d5.jpg,3
55c686c1c.jpg,3
55cf360ba.jpg,1
55d32e8f3.jpg,3
55dfd6590.jpg,3
560b070fe.jpg,3
560c84cc8.jpg,3
561361cb6.jpg,3
56160f9ed.jpg,1
561cc13fd.jpg,1
56228a7ce.jpg,3
563c82165.jpg,3
5665d0780.jpg,3
56833978c.jpg,3
56899a1a5.jpg,3
569054fe5.jpg,3
56a22c123.jpg,3
56bd7c605.jpg,3
56bdb9e3c.jpg,3
56c03fa06.jpg,4
56d3153f9.jpg,3
56d707102.jpg,3
56db0da36.jpg,3
56f1af1f3.jpg,2
56f6544aa.jpg,1
56fe04b70.jpg,3
570949932.jpg,4
5712b3846.jpg,3
571717724.jpg,3
571c8299c.jpg,3
571eb97b3.jpg,3
573d1f811.jpg,3
574d67053.jpg,3
574f43979.jpg,3
5751be350.jpg,3
57650f6fe.jpg,3
576f80bf8.jpg,1
578dc421a.jpg,3
579d97368.jpg,3
57b1d7f73.jpg,3
57bd3ab37.jpg,3
57cabd349.jpg,3
57d4f4467.jpg,3
57ec0b110.jpg,3
57ff05dc1.jpg,1
58088b30a.jpg,3
58122fe14.jpg,3
5829668fc.jpg,3
582aa5194.jpg,3
583d01b09.jpg,3
58540918c.jpg,3
585774b65.jpg,3
5867aed54.jpg,3
587a9b3b2.jpg,3
587aa203b.jpg,3
588119a67.jpg,3
5881270f8.jpg,1
5892b97a9.jpg,1
5895de1c3.jpg,3
58986e16d.jpg,1
589dd7157.jpg,3
58a4013d8.jpg,3
58ab08172.jpg,3
58acb9b30.jpg,3
58de7641c.jpg,3
58e7a9529.jpg,1
58f22628e.jpg,3
58f6093db.jpg,3
58fbd1a0d.jpg,1
5900ac269.jpg,2
590aa4bfc.jpg,3
5943020f6.jpg,3
5943b12cf.jpg,3
594556fb4.jpg,1
5945a8248.jpg,3
594bc49fd.jpg,3
595426f59.jpg,1
595bd6fcf.jpg,3
5976e13d9.jpg,3
5992b1f0d.jpg,3
5998eee37.jpg,3
599f73dd0.jpg,3
59a40ecca.jpg,1
59b42a129.jpg,3
59c0a3475.jpg,3
59c2fdc9e.jpg,3
59ed4aa3d.jpg,1
59eff5e14.jpg,3
5a0ce7a50.jpg,3
5a1b85353.jpg,3
5a25d5a5c.jpg,3
5a2f952d9.jpg,3
5a6cc72c5.jpg,3
5a72c9adc.jpg,3
5a7c94126.jpg,3
5a9149cad.jpg,3
5a9444ea9.jpg,1
5a9a84c90.jpg,3
5aa035361.jpg,3
5aa3780c6.jpg,3
5aac82fa3.jpg,3
5aacbd81b.jpg,1
5abda8a7d.jpg,3
5ae4f1314.jpg,3
5ae58f03b.jpg,3
5aed4bb1a.jpg,3
5afaa1617.jpg,3
5b0021aa9.jpg,3
5b13f920c.jpg,2
5b1668f62.jpg,3
5b1e65973.jpg,3
5b3a4b5ad.jpg,1
5b4743e28.jpg,1
5b4d84943.jpg,1
5b4e2745d.jpg,1
5b598c70c.jpg,3
5b6095b41.jpg,3
5b65a330b.jpg,3
5ba0fddcf.jpg,3
5ba25ce9e.jpg,3
5ba631a31.jpg,3
5bb3b7c79.jpg,3
5bbbd9386.jpg,1
5bbdf1b40.jpg,3
5bbf5aa3f.jpg,3
5bbfa24f4.jpg,3
5bc9ba9ab.jpg,3
5be7e3153.jpg,1
5bf50027a.jpg,3
5c0d080ae.jpg,3
5c0dade54.jpg,3
5c1d0f9fb.jpg,3
5c2e366c6.jpg,3
5c53cb0ac.jpg,3
5c5f05ecc.jpg,3
5c64a04ee.jpg,3
5c6d48548.jpg,3
5c6f6dd5d.jpg,3
5c6fdc38e.jpg,3
5c70c3c1c.jpg,3
5c7fe28bc.jpg,3
5c8696dc0.jpg,3
5c9df14bd.jpg,2
5cb601d72.jpg,3
5cd0e72de.jpg,3
5d0f53d39.jpg,3
5d2ff8441.jpg,3
5d304901c.jpg,3
5d47359d4.jpg,3
5d4744af7.jpg,3
5d4db1af1.jpg,1
5d5816fc1.jpg,3
5d6b4e143.jpg,3
5d7456755.jpg,3
5d787f403.jpg,3
5d80961c1.jpg,3
5d890a5f5.jpg,1
5d8c56f79.jpg,3
5d8ed2a33.jpg,1
5d990dafc.jpg,3
5d99e8568.jpg,3
5d9b7753a.jpg,3
5da555152.jpg,1
5da5cbfac.jpg,3
5da7403fb.jpg,3
5dac94ae8.jpg,3
5dca8cdfb.jpg,3
5dcf6ad07.jpg,3
5ddc3b702.jpg,3
5de7960ac.jpg,3
5df2a3586.jpg,1
5df43c09e.jpg,1
5dfcf07ea.jpg,4
5e0167c6a.jpg,3
5e02471c4.jpg,3
5e049970d.jpg,3
5e070a325.jpg,3
5e1c6b7da.jpg,3
5e23a5dd3.jpg,3
5e260337f.jpg,3
5e276bb2c.jpg,3
5e2e9fbed.jpg,3
5e30d0033.jpg,3
5e3dcbb32.jpg,3
5e45b4859.jpg,3
5e62ce535.jpg,3
5e6bfcc72.jpg,3
5e84e45f5.jpg,3
5eb2c8fbf.jpg,3
5ed971fa8.jpg,3
5ee27345a.jpg,3
5ee50e1bd.jpg,3
5ee9d291a.jpg,3
5ef208772.jpg,3
5ef5a701c.jpg,3
5f039c2bd.jpg,3
5f0696eb5.jpg,3
5f1308e91.jpg,3
5f1bfd13a.jpg,3
5f2f8397d.jpg,3
5f3a02515.jpg,3
5f3e05497.jpg,3
5f3fd3e51.jpg,3
5f5a9fbe2.jpg,3
5f5d3acd5.jpg,3
5f627b6b6.jpg,3
5f90c4021.jpg,3
5f945be05.jpg,3
5f9833ca6.jpg,3
5f9e63b94.jpg,3
5f9ef35fe.jpg,3
5fa5c747c.jpg,3
5ff740a19.jpg,3
60029e885.jpg,3
601346ad8.jpg,3
6016402f8.jpg,3
601fa71b9.jpg,3
6023b25e4.jpg,3
602af9e96.jpg,3
602da1387.jpg,3
60303e8e5.jpg,3
6037dcb23.jpg,3
604bc60db.jpg,3
604c09921.jpg,3
60506409c.jpg,3
605bd920f.jpg,3
607b16d51.jpg,3
608032d8e.jpg,3
60a92d2d9.jpg,3
60aeddfa4.jpg,3
60b2a4e95.jpg,3
60ca93e34.jpg,3
60d20e525.jpg,3
60dc13c8f.jpg,3
6100eba6e.jpg,3
6108d0184.jpg,3
611f72ff8.jpg,3
6121f632b.jpg,3
61243b268.jpg,3
612e78ee5.jpg,1
614c43fa9.jpg,1
6157fa8c0.jpg,3
616204216.jpg,3
616388941.jpg,3
618dbf55c.jpg,3
61a881e1e.jpg,3
61c4ca29e.jpg,1
61e98507d.jpg,1
61fc6d361.jpg,3
61ffc10bd.jpg,3
62072cd72.jpg,3
6208d6324.jpg,3
62111c98d.jpg,1
6217e70bf.jpg,3
6227835a7.jpg,3
622d08c0e.jpg,3
62329850d.jpg,3
623b8ca2f.jpg,3
623f66b73.jpg,3
62405baae.jpg,3
624e88b69.jpg,3
625821b3f.jpg,3
625985f9f.jpg,3
6260f710b.jpg,3
626ae5ecb.jpg,3
627b75778.jpg,3
628362e98.jpg,3
6285d8d58.jpg,1
6288fa541.jpg,1
629c72b55.jpg,4
62b6f5934.jpg,3
62b8787a4.jpg,3
62be5fb44.jpg,3
62c1f3d26.jpg,3
62c457660.jpg,3
62c87691b.jpg,3
62cb38612.jpg,3
62dac11bd.jpg,3
62f621a7b.jpg,3
63061a1ca.jpg,3
630bed641.jpg,3
6314dd5da.jpg,3
6316d0775.jpg,2
6329702c5.jpg,3
632d55c7c.jpg,4
635c52e1b.jpg,3
638c1ccaf.jpg,3
638cec26c.jpg,3
639f1d658.jpg,1
63a381f9c.jpg,1
63b4c5c2b.jpg,3
63bf4132b.jpg,3
63c6321df.jpg,3
63d096591.jpg,3
63e619100.jpg,3
63e8fd4d7.jpg,3
63eccbd9a.jpg,3
63f794e33.jpg,3
63f7b3a5f.jpg,1
6401b4e8b.jpg,1
641175d57.jpg,3
641d49f77.jpg,3
641d5aa44.jpg,3
64273b706.jpg,3
6437b230a.jpg,1
644178023.jpg,3
644707b9b.jpg,1
644a6db9a.jpg,3
6463cc692.jpg,3
646643cf3.jpg,3
6466d57b2.jpg,3
646d52bd6.jpg,3
64740e639.jpg,1
64754f077.jpg,1
64a125236.jpg,3
64a5153e0.jpg,3
64be1959f.jpg,3
64c0f4596.jpg,3
64cae9fbb.jpg,3
64d1f29e0.jpg,3
64dd56b9a.jpg,3
64e0c5535.jpg,2
64e741b4d.jpg,3
64fd0f766.jpg,3
650dc1057.jpg,2
651ddac0b.jpg,3
6537a9fac.jpg,3
6537c12e1.jpg,1
6548e970c.jpg,3
655f28956.jpg,3
656b2014f.jpg,3
656c235e7.jpg,3
656fd8ac7.jpg,4
657bc3dab.jpg,3
6583c7755.jpg,3
65847f83e.jpg,3
658cc2360.jpg,3
659351d6e.jpg,3
65a28f93e.jpg,3
65aeb5c2d.jpg,1
65bb87731.jpg,3
65de19b8e.jpg,3
65e0e85fc.jpg,3
663554e0a.jpg,1
663bc6085.jpg,3
665585fa7.jpg,3
66559fd84.jpg,3
665b0f161.jpg,3
666567e46.jpg,3
666ca7516.jpg,3
668152c3d.jpg,4
6682439cc.jpg,4
6686b7448.jpg,3
668fed093.jpg,3
66a2b6b8c.jpg,3
66c24365d.jpg,3
66d62df71.jpg,1
66e074eba.jpg,3
66e24b327.jpg,3
66e6f9fdb.jpg,3
66ec1cc9f.jpg,3
66f228f13.jpg,1
6709ad4ae.jpg,3
670dda82e.jpg,3
670f306c5.jpg,3
67276cbc3.jpg,3
674544933.jpg,3
674d0865d.jpg,1
674ecec48.jpg,3
67529c1c7.jpg,3
675747a8e.jpg,3
676518b85.jpg,3
676744197.jpg,3
676e41fea.jpg,3
6777f88a3.jpg,1
6785b89b5.jpg,3
678b2f283.jpg,3
679c7d8df.jpg,1
679e092e6.jpg,3
67a345551.jpg,3
67a48df5f.jpg,3
67e4f56ea.jpg,1
67f3733e1.jpg,3
67f4768b7.jpg,3
67f8b0f1b.jpg,1
67fa9b372.jpg,3
67fd6ce4d.jpg,3
681775be8.jpg,3
681d2c161.jpg,3
68281b5f0.jpg,3
684aabcc3.jpg,3
68510d353.jpg,3
68574541a.jpg,2
686ac1474.jpg,3
687c0d177.jpg,3
687fb3fb1.jpg,3
68970691d.jpg,3
68a86566f.jpg,3
68a8b4ff8.jpg,3
68afa072c.jpg,3
68ba10868.jpg,3
68ba3ef8c.jpg,3
68c89e9c2.jpg,3
68cc58d65.jpg,3
68d1c6f63.jpg,4
68d7d7a6d.jpg,3
68dae80a2.jpg,3
68ebba40c.jpg,3
68f152bb2.jpg,3
690fbb138.jpg,3
691a64f10.jpg,1
691c0cb65.jpg,3
694f1ac9f.jpg,1
695fe876d.jpg,3
6961c8b27.jpg,3
6974b3175.jpg,1
69813a9e5.jpg,3
698d16bfb.jpg,3
699159df8.jpg,1
69abec4f0.jpg,3
69b313a77.jpg,3
69b5d605e.jpg,3
69b6bf4d8.jpg,3
69bc8326c.jpg,3
69beeec9a.jpg,3
69c75598b.jpg,3
69d2fe769.jpg,3
69d691e69.jpg,1
69d9e3b5b.jpg,3
69f4515de.jpg,3
69f7a50a4.jpg,3
69fa9cb00.jpg,3
6a0229e31.jpg,3
6a054faac.jpg,3
6a080891e.jpg,3
6a1b98627.jpg,3
6a1ffbe59.jpg,2
6a2c1fa3d.jpg,3
6a2f44a67.jpg,3
6a38180d6.jpg,3
6a41e9c80.jpg,3
6a45da8e9.jpg,3
6a59795d3.jpg,3
6a73abf2d.jpg,3
6a746d53b.jpg,3
6a75462f9.jpg,3
6a7ef312c.jpg,3
6a98ce140.jpg,3
6a9924fe8.jpg,3
6ab065fba.jpg,3
6ac40e321.jpg,3
6ad0e93f3.jpg,3
6ad0fc82b.jpg,3
6ad67784c.jpg,3
6af0ca454.jpg,3
6af6c4335.jpg,3
6af785236.jpg,1
6b028ed80.jpg,3
6b2e438f1.jpg,4
6b3f45fc4.jpg,3
6b414548c.jpg,3
6b534290d.jpg,3
6b5b020e7.jpg,3
6b5c466a8.jpg,3
6b7864ff3.jpg,3
6b7dc5166.jpg,3
6b8090f1d.jpg,3
6b8b34d8a.jpg,3
6b92af39f.jpg,3
6b984a374.jpg,3
6b9d0b108.jpg,3
6bda73259.jpg,3
6bf294f5d.jpg,4
6bf4c86f1.jpg,3
6c0a9fe46.jpg,3
6c1621d11.jpg,3
6c1f9471a.jpg,1
6c26471b8.jpg,1
6c3361f5a.jpg,3
6c45a7db6.jpg,3
6c4b43ee0.jpg,3
6c5f141fc.jpg,3
6c6978dec.jpg,3
6c76d2dce.jpg,3
6c831f4d2.jpg,1
6c92395fc.jpg,3
6c972aef5.jpg,3
6c9db53a5.jpg,3
6cb33adca.jpg,1
6cb73e5f5.jpg,3
6cc1407fb.jpg,3
6cc6f6248.jpg,3
6cd1b07ca.jpg,3
6cd244b35.jpg,3
6ce149f0d.jpg,3
6ce80f81d.jpg,3
6ce9c205b.jpg,3
6cee97ec8.jpg,1
6cf74c1d9.jpg,3
6d0102129.jpg,3
6d0bcc474.jpg,3
6d0bd0a2d.jpg,3
6d1b0740c.jpg,3
6d1c2d227.jpg,1
6d23a589f.jpg,3
6d29df253.jpg,4
6d2a4005f.jpg,3
6d34dd2f9.jpg,1
6d422b814.jpg,3
6d422d496.jpg,3
6d478efdb.jpg,3
6d56c7d91.jpg,3
6d5731630.jpg,3
6d6cec1a3.jpg,1
6d6d37196.jpg,1
6d841409e.jpg,3
6d876bc2f.jpg,3
6d8982b51.jpg,3
6da9d0fa7.jpg,1
6dadde3b9.jpg,3
6db35f6e2.jpg,3
6dc0f0256.jpg,3
6de551652.jpg,3
6dee56da7.jpg,3
6e0a0050c.jpg,3
6e116ffa8.jpg,1
6e1715d95.jpg,3
6e1ef7bef.jpg,3
6e266a1eb.jpg,4
6e27b1c64.jpg,3
6e32f7e61.jpg,1
6e33e7465.jpg,3
6e37d9f25.jpg,3
6e4b3b319.jpg,3
6e527c578.jpg,1
6e6130d3b.jpg,3
6e652672c.jpg,3
6e6f82188.jpg,3
6e892887e.jpg,3
6e8b36bc6.jpg,3
6e9bf11c0.jpg,3
6ead29619.jpg,3
6eb8caa4a.jpg,3
6eba02cd9.jpg,3
6ec0efcf3.jpg,3
6ed28df8e.jpg,3
6edb49569.jpg,3
6edde1c34.jpg,3
6ee58e663.jpg,4
6eeb2c1e3.jpg,3
6eec49a0b.jpg,3
6ef6001e9.jpg,3
6ef75490b.jpg,3
6f0358b25.jpg,1
6f0647c4e.jpg,3
6f12a26e0.jpg,3
6f18c587b.jpg,3
6f1b804af.jpg,3
6f3527745.jpg,3
6f377b22a.jpg,1
6f3bd83c8.jpg,1
6f5e81ff8.jpg,3
6f6753eb7.jpg,3
6f7f8d8a8.jpg,3
6f808d1d1.jpg,3
6f88c6d64.jpg,1
6f8f7489b.jpg,3
6f95d5d44.jpg,3
6fa8c306d.jpg,1
6fae55fc7.jpg,3
6faf02aec.jpg,3
6fc70467c.jpg,3
6fcc14128.jpg,3
6fd029d4d.jpg,3
6fdb86bdf.jpg,3
6fe34f1ef.jpg,3
6fe8dbcbb.jpg,3
7015966f2.jpg,1
701d9155f.jpg,3
7021b1976.jpg,3
702d70516.jpg,3
703977991.jpg,1
706930f56.jpg,1
706f2b2c9.jpg,4
7080127e8.jpg,3
7081b8507.jpg,3
70853595b.jpg,3
708f5f3ba.jpg,3
708faeb3c.jpg,3
70a822722.jpg,3
70aca6bc2.jpg,1
70b6b9ce6.jpg,3
70fb25903.jpg,3
70fb7e23e.jpg,3
71069d6a0.jpg,3
7117d7c5f.jpg,3
711b970e7.jpg,3
711ff290f.jpg,3
713cf05f1.jpg,3
7146e52ed.jpg,3
714f9d00b.jpg,3
7153ebb7f.jpg,3
7162b42a0.jpg,3
71898a2f3.jpg,3
718ac2f98.jpg,3
719090053.jpg,3
719272d9c.jpg,3
719b97967.jpg,3
71a4e7382.jpg,3
71a6b1990.jpg,3
71b59f3ac.jpg,3
71c02e852.jpg,3
71d07e143.jpg,3
71e2a9868.jpg,3
71e3a4a62.jpg,3
71f8c87bd.jpg,3
71f92133a.jpg,3
71fa60ddf.jpg,3
71feed174.jpg,3
7202dd83d.jpg,3
720c7f5cd.jpg,3
720d6daa1.jpg,3
721859029.jpg,3
721df49ab.jpg,3
72215fa7d.jpg,3
722c39287.jpg,3
7233ff77a.jpg,3
72341723f.jpg,3
725a68ef6.jpg,3
7261c324c.jpg,3
7266c2998.jpg,3
72736492d.jpg,3
728098bf8.jpg,3
7286d03ef.jpg,3
728b17aaa.jpg,3
7296df1d1.jpg,1
72b469fab.jpg,3
72c4a1ee8.jpg,3
72cc40d29.jpg,3
72df472c0.jpg,3
72e4395cb.jpg,2
72e6038c2.jpg,3
72ed9c3d8.jpg,3
72fac6e8f.jpg,3
72fe93118.jpg,3
73251a886.jpg,3
732f9ff8b.jpg,3
734e9b744.jpg,1
735aed3ac.jpg,3
735c93c20.jpg,3
7372d83e4.jpg,3
73779d0e5.jpg,3
73850514e.jpg,1
7392cb034.jpg,3
73aef6a73.jpg,3
73b429d0e.jpg,3
73c0c8b9a.jpg,3
73d60f24f.jpg,3
73dc4afeb.jpg,3
73f9579dd.jpg,1
73fd3cda4.jpg,3
73ff8efef.jpg,3
7407ec053.jpg,1
7433d71ea.jpg,3
7438ee577.jpg,3
74425150f.jpg,3
7442fd2b2.jpg,3
74569bd5c.jpg,3
745a63c97.jpg,3
7464b8146.jpg,3
746f0d70c.jpg,3
74709a1af.jpg,3
747d079f5.jpg,1
749906b7c.jpg,3
749be19f6.jpg,3
74a57a20a.jpg,3
74b307da3.jpg,3
74beabb1d.jpg,3
74c779912.jpg,3
74e87af65.jpg,3
74f951ca4.jpg,3
7506dd95d.jpg,2
750c7fec6.jpg,3
751013ead.jpg,3
751147906.jpg,3
7517217e9.jpg,3
751cdf0a2.jpg,3
7521c2550.jpg,1
7525e850a.jpg,3
754267fb2.jpg,3
7543c591f.jpg,1
75779fab1.jpg,3
758437094.jpg,3
75913bf92.jpg,3
7591723ff.jpg,3
759c2cea9.jpg,1
759f3cdd5.jpg,3
75a486cd3.jpg,3
75a881b42.jpg,3
75b24ab86.jpg,3
75b7ed7e5.jpg,1
75d262036.jpg,3
75e4cf240.jpg,3
75eb584f4.jpg,1
75edeb9f9.jpg,3
75eef9343.jpg,3
75ef3cb42.jpg,3
75efd5e42.jpg,3
75f0c1e00.jpg,3
75f574b5c.jpg,3
760aae1ec.jpg,3
7615c3669.jpg,3
761bb8777.jpg,3
76288fc9c.jpg,3
7628fd1f1.jpg,3
762d825cd.jpg,3
7648af745.jpg,3
7650de528.jpg,3
765371a6e.jpg,3
76540684e.jpg,3
766466327.jpg,1
76805328f.jpg,3
768e90b47.jpg,3
769754137.jpg,3
76ac4afde.jpg,3
76c331edc.jpg,3
76c46a185.jpg,1
76d8f3847.jpg,3
76e84f09c.jpg,1
76ee7f36f.jpg,3
76fa2b27b.jpg,1
77005f2f4.jpg,3
7708968a2.jpg,3
7727f40e1.jpg,3
773b2283e.jpg,1
773cf2e6c.jpg,3
773e5ef59.jpg,3
774938077.jpg,3
7758e7e93.jpg,3
7766e055c.jpg,3
776e074cc.jpg,1
777c11083.jpg,3
77839c20f.jpg,3
7798666c5.jpg,3
77a6e39f5.jpg,3
77a753794.jpg,3
77b0310b6.jpg,3
77b3236c0.jpg,3
77b51ed67.jpg,3
77b680228.jpg,3
77d55791f.jpg,3
77df76da3.jpg,3
77e6c28ab.jpg,3
77f10ecf3.jpg,3
78080f705.jpg,3
780900e4c.jpg,1
781b2b452.jpg,3
781b78af7.jpg,3
782702578.jpg,3
782c9966e.jpg,3
783a00d04.jpg,3
783ff5f7e.jpg,1
78470959e.jpg,3
784ac3b22.jpg,3
78560fd1c.jpg,1
7859e9043.jpg,3
785d22d2b.jpg,3
7870fb563.jpg,3
787aab953.jpg,3
7890a5c21.jpg,1
789a65a46.jpg,3
78a9569a2.jpg,3
78b58ecf5.jpg,3
78cf7c335.jpg,3
78d372e5f.jpg,3
78e04eec1.jpg,3
78fd79c06.jpg,3
790318b4a.jpg,3
790dfdc07.jpg,3
791817223.jpg,1
792038159.jpg,3
7935f32da.jpg,3
794a9e0a2.jpg,3
794b44f39.jpg,3
794df34ba.jpg,3
7963573a1.jpg,3
7979e93cd.jpg,3
797c3d52d.jpg,3
799ba19da.jpg,3
799c6243f.jpg,3
79a1f746b.jpg,3
79c7da757.jpg,1
79c93fa6e.jpg,3
79d9ff869.jpg,4
79dae5a25.jpg,3
79e25e186.jpg,3
79e309e7b.jpg,3
79e6f2b42.jpg,3
79ea45aa1.jpg,1
79f04909e.jpg,3
79f612ebd.jpg,3
79feaa863.jpg,3
7a0b5ab05.jpg,3
7a0c4dcf4.jpg,3
7a1918144.jpg,3
7a1986428.jpg,3
7a1b6aa41.jpg,3
7a1c520b9.jpg,3
7a36cf0fc.jpg,3
7a4c0d805.jpg,1
7a4d250ab.jpg,3
7a4e42374.jpg,3
7a50a0a16.jpg,3
7a512ca2c.jpg,3
7a5288cb8.jpg,3
7a699c0b8.jpg,3
7a8e0ed7a.jpg,3
7a98a39d4.jpg,3
7aa2ea01a.jpg,3
7aadfcdc4.jpg,1
7ad89a732.jpg,3
7add4314d.jpg,3
7ae21e551.jpg,3
7aed1cd14.jpg,1
7af1ebcf0.jpg,3
7afb9e3bd.jpg,3
7b0435807.jpg,3
7b0e5d1c0.jpg,3
7b1a9d481.jpg,1
7b1e64652.jpg,3
7b1ed2ad7.jpg,3
7b3bb39d1.jpg,3
7b455e37c.jpg,3
7b46486f0.jpg,3
7b5049c7e.jpg,3
7b5164e00.jpg,4
7b5cdc832.jpg,3
7b75c6da8.jpg,3
7b7c0c469.jpg,3
7b84cb8f0.jpg,1
7b88645b7.jpg,3
7b8ac2c44.jpg,3
7b91ce7db.jpg,3
7bad5f279.jpg,3
7bafb4469.jpg,3
7bb538eee.jpg,3
7bc436397.jpg,3
7bc7d5449.jpg,3
7be8cd98d.jpg,3
7be8ffa5f.jpg,3
7bed4da05.jpg,3
7bfa422df.jpg,3
7bfbd2c89.jpg,3
7c011e673.jpg,3
7c0c3c5a1.jpg,3
7c1543f80.jpg,3
7c1874095.jpg,3
7c3efde41.jpg,1
7c46d8f79.jpg,3
7c5534db1.jpg,3
7c5bbf1c9.jpg,3
7c769bc25.jpg,3
7c76d1774.jpg,3
7c870fe4b.jpg,3
7c8cec8d3.jpg,3
7c9031fc4.jpg,3
7cae7719c.jpg,3
7cc1fb6ee.jpg,3
7cccf944b.jpg,3
7cd146e5e.jpg,3
7cd36890a.jpg,3
7cd5eaea4.jpg,3
7cd86fd14.jpg,3
7cda61a73.jpg,3
7ce0f3487.jpg,3
7cecb348f.jpg,1
7cfa7bd62.jpg,3
7d02f8eb4.jpg,1
7d09276e5.jpg,3
7d2d71d77.jpg,3
7d305d852.jpg,3
7d33979ff.jpg,3
7d34eb7e1.jpg,1
7d3b7bbd2.jpg,3
7d4053dfe.jpg,3
7d43c2756.jpg,3
7d49fd550.jpg,2
7d5d01606.jpg,3
7d625f491.jpg,3
7d62939af.jpg,1
7d69b7564.jpg,3
7d806dcd4.jpg,1
7d8a83b45.jpg,3
7d9041837.jpg,3
7da002e13.jpg,2
7db48c87c.jpg,1
7dd388867.jpg,3
7dd7fc396.jpg,3
7deb90272.jpg,3
7e104caad.jpg,3
7e1d18b03.jpg,2
7e1d4e3fd.jpg,3
7e2c97697.jpg,4
7e41ed9b0.jpg,3
7e4ab9d3c.jpg,3
7e4bd4081.jpg,3
7e54bcfd5.jpg,3
7e586aedf.jpg,1
7e639a487.jpg,3
7e6c1b300.jpg,3
7e6d54154.jpg,3
7e7631439.jpg,3
7e8904c22.jpg,3
7e8d7ecc4.jpg,3
7e99c9be8.jpg,3
7ea2ff7db.jpg,3
7ea6ef91a.jpg,3
7eb199869.jpg,3
7eeb6c7c2.jpg,3
7ef378c92.jpg,3
7f0220198.jpg,3
7f1d12f80.jpg,3
7f1d3ec5e.jpg,3
7f2f06ce3.jpg,3
7f511f55f.jpg,3
7f55e92c7.jpg,1
7f59826a8.jpg,1
7f5b884c4.jpg,3
7f5df02c9.jpg,3
7f5f7ea4b.jpg,3
7f7901508.jpg,3
7f8b8a3c6.jpg,3
7f9ea512e.jpg,3
7fa5a8890.jpg,3
7fabe497e.jpg,1
7fb1f710e.jpg,2
7fb7489b6.jpg,3
7fb883c43.jpg,3
7fdd81591.jpg,4
7fe57c4cf.jpg,3
7ffbb41ff.jpg,3
8007e1897.jpg,3
80111d56e.jpg,3
804ec4aa7.jpg,3
8058364da.jpg,3
8058b2dd2.jpg,3
80657f706.jpg,3
80813065e.jpg,3
808359bda.jpg,3
808c8e4fe.jpg,1
8096b5c0b.jpg,1
80c2aaaa3.jpg,1
80cbe5d35.jpg,3
80d489d3f.jpg,3
80d4f7a25.jpg,3
80e315aae.jpg,3
80f14e5ba.jpg,3
81058250a.jpg,3
810d0b688.jpg,3
810e4cc20.jpg,3
811aacab9.jpg,3
81230df11.jpg,3
814181ea6.jpg,3
8159d2267.jpg,3
815a82a36.jpg,3
81652c0fd.jpg,1
81729effb.jpg,3
817b8e204.jpg,1
817d399e2.jpg,3
817fa3c75.jpg,3
8187f1b45.jpg,3
8191a7b5f.jpg,3
81977df67.jpg,3
81a5138eb.jpg,2
81ab9ba70.jpg,3
81da020a0.jpg,4
81dadbdc9.jpg,3
81ec61775.jpg,3
81f24d28c.jpg,3
81f463b4d.jpg,3
8202207ce.jpg,3
82403fd7a.jpg,3
824e882f3.jpg,1
825f8fddc.jpg,3
82779b17d.jpg,3
8279b4706.jpg,3
8285262cc.jpg,3
828a7eba8.jpg,3
82c8fbab8.jpg,3
82ed0b96f.jpg,3
830421da9.jpg,3
830ebda8b.jpg,3
83125fa81.jpg,3
831886e2b.jpg,1
83325a620.jpg,3
83583bd46.jpg,3
835c2bb65.jpg,3
837f2703c.jpg,3
83826baba.jpg,3
83855bf3d.jpg,3
83926cb04.jpg,3
8397fb1d8.jpg,3
83a0dbb43.jpg,3
83a187036.jpg,3
83a1ec767.jpg,3
83a5fc687.jpg,3
83aa61a19.jpg,3
83bcf8a31.jpg,3
83d28c8b3.jpg,3
83dc31c72.jpg,1
83dc500bd.jpg,3
83f043cea.jpg,3
83f590eb5.jpg,3
83f8bc981.jpg,3
83fb62633.jpg,3
83fe02b94.jpg,4
841205686.jpg,3
841305fc9.jpg,3
84273b428.jpg,3
8430c2ce9.jpg,3
8446c7668.jpg,3
844cccf91.jpg,3
844d1610d.jpg,3
8455f4fef.jpg,3
84594a283.jpg,3
845cefdc3.jpg,3
845ea6711.jpg,3
84625cf81.jpg,3
84652c588.jpg,3
8469d36bf.jpg,3
846fff7a8.jpg,3
8475899d7.jpg,3
8486cd41b.jpg,3
848be142e.jpg,3
84a86bda1.jpg,3
84add8883.jpg,1
84b10856b.jpg,1
84b51fda5.jpg,1
84bdf6af0.jpg,3
84c31d0e6.jpg,3
84cf5227c.jpg,3
84e348664.jpg,3
84e5b87d3.jpg,3
84ef50751.jpg,3
850b69e1e.jpg,3
8514adb31.jpg,4
851c13f4b.jpg,3
851d08c7e.jpg,3
852e75b64.jpg,3
8537ff65f.jpg,3
85479d313.jpg,3
854cc93ba.jpg,1
8553cb317.jpg,3
85620a8c1.jpg,3
856227c65.jpg,3
856ef5d4e.jpg,3
858e74ccd.jpg,3
85cdc422f.jpg,3
85d9d5cbb.jpg,3
85dccb649.jpg,3
85de2ae47.jpg,3
85eb63383.jpg,3
85ee230e3.jpg,3
85f91fed5.jpg,4
86158d6eb.jpg,3
8629ee178.jpg,3
863834f74.jpg,3
8640a1010.jpg,3
8644699ca.jpg,3
8651335e0.jpg,3
867a9108a.jpg,3
8684c7d86.jpg,3
869409232.jpg,3
86b778f56.jpg,1
86b846c79.jpg,3
86c1f219f.jpg,3
86c3a4a3f.jpg,3
86cd81ac1.jpg,1
86d2461e3.jpg,3
86d73c437.jpg,3
86e69039d.jpg,3
86eb948b6.jpg,3
86fe3cf8c.jpg,2
87094273c.jpg,3
8746dc7de.jpg,3
8746e886d.jpg,3
8748e528c.jpg,3
874f5fe53.jpg,3
875d6dbb5.jpg,3
8765b3cdb.jpg,3
876c2ad63.jpg,3
877398d79.jpg,3
87948b5e1.jpg,3
87a7f6b7f.jpg,3
87afdd01d.jpg,3
87b013c0d.jpg,3
87c5bbcba.jpg,3
87cb8411d.jpg,3
87f4645ee.jpg,3
8827f75d2.jpg,3
883044b23.jpg,3
883e3ef86.jpg,3
884488d16.jpg,2
884d093db.jpg,3
8866411ee.jpg,3
886cca389.jpg,3
886f6ea24.jpg,3
8870a4807.jpg,3
8891df7f8.jpg,1
8898c8600.jpg,3
88afdeeb8.jpg,3
88bfc04e8.jpg,3
88c28e786.jpg,3
88c815295.jpg,3
88cac130e.jpg,3
88cacaf33.jpg,3
88cf03b8b.jpg,3
88cf96341.jpg,3
88f6d4788.jpg,3
88fbd53c2.jpg,1
892ad9f43.jpg,3
8935887d8.jpg,3
8940f8757.jpg,3
894aa00b0.jpg,3
894f44f02.jpg,3
895c5bfbf.jpg,3
895de83da.jpg,3
8973e4e91.jpg,3
89940154a.jpg,1
89977988b.jpg,3
899a2ad2f.jpg,1
89a629daa.jpg,3
89aefb17a.jpg,3
89cc16612.jpg,3
89ce48808.jpg,3
89dbe4cec.jpg,3
89e69dbf2.jpg,3
89ea5cac2.jpg,3
89f4c3a5c.jpg,3
8a08c888f.jpg,3
8a3498350.jpg,3
8a35e2a4a.jpg,3
8a3813343.jpg,3
8a41eaae4.jpg,3
8a47eb4ef.jpg,1
8a49823cc.jpg,1
8a4af4fee.jpg,3
8a50d072b.jpg,3
8a5484d4d.jpg,3
8a5683747.jpg,3
8a82b776a.jpg,3
8aa05c8c1.jpg,3
8aa5ec500.jpg,1
8aab6f754.jpg,3
8aaf96150.jpg,3
8ab450e5c.jpg,3
8ac8bc0d7.jpg,3
8acc3cfad.jpg,3
8ae526752.jpg,3
8ae937ad3.jpg,3
8aebba894.jpg,3
8af438d4d.jpg,3
8aff1bbfa.jpg,3
8b0241e6d.jpg,3
8b08c23f0.jpg,3
8b197ff6f.jpg,3
8b1ffc9c1.jpg,3
8b2b64c20.jpg,3
8b427b2e3.jpg,3
8b4886568.jpg,1
8b51003d1.jpg,3
8b6032e1a.jpg,1
8b6a313d2.jpg,3
8b71f3e28.jpg,3
8ba093fdb.jpg,1
8bc2949d2.jpg,3
8bc3d26cb.jpg,3
8bc7f9b74.jpg,3
8bcfa276c.jpg,3
8bd5d9336.jpg,1
8bd6ef3fb.jpg,3
8c1069bf4.jpg,3
8c17defad.jpg,3
8c238384b.jpg,3
8c50370fe.jpg,3
8c54b8f15.jpg,3
8c610cbc4.jpg,3
8c622e303.jpg,1
8c74795e9.jpg,1
8c8db6940.jpg,3
8c986f67b.jpg,3
8c9bff222.jpg,1
8ca482f2e.jpg,3
8cb4658b5.jpg,3
8cba71caf.jpg,3
8cbd64828.jpg,3
8cc36de01.jpg,3
8ccc3da5b.jpg,3
8cd18f053.jpg,3
8cd31a9ba.jpg,3
8cdc76482.jpg,3
8cfb69968.jpg,3
8d129393f.jpg,1
8d40206b1.jpg,3
8d49969df.jpg,3
8d4c6de79.jpg,4
8d4c79d72.jpg,3
8d5a08def.jpg,3
8d5f997f2.jpg,3
8d66fd008.jpg,3
8d6c1d0ed.jpg,3
8d6dd18a9.jpg,3
8d8bd106b.jpg,3
8d9296c96.jpg,3
8d96c11f8.jpg,3
8d98b96a6.jpg,3
8da16c761.jpg,1
8da812c91.jpg,3
8dbbdcb59.jpg,3
8dc49d762.jpg,3
8dc926b7d.jpg,3
8dd747d23.jpg,3
8dd848d14.jpg,3
8dfa66d9a.jpg,3
8dff9d994.jpg,3
8e0f84b88.jpg,1
8e1cf2257.jpg,3
8e2090680.jpg,3
8e22a5529.jpg,1
8e2cb7b99.jpg,3
8e3bee866.jpg,3
8e48a5fd1.jpg,3
8e4dbe30f.jpg,3
8e55ee91c.jpg,3
8e57a3ce6.jpg,3
8e5e7ceab.jpg,3
8e703053f.jpg,3
8e71c2cc6.jpg,3
8e7e95f96.jpg,3
8e85eed36.jpg,1
8e8d6b71e.jpg,3
8e90a56ce.jpg,3
8e91f8a81.jpg,3
8e986ef4c.jpg,3
8ebbe833e.jpg,3
8ee894c71.jpg,3
8ef00bf22.jpg,4
8f0131366.jpg,1
8f26dbe33.jpg,3
8f2cd806e.jpg,3
8f2f7ccf6.jpg,3
8f44b937b.jpg,1
8f480a549.jpg,3
8f502dacc.jpg,1
8f7b69957.jpg,3
8f8a9b139.jpg,3
8fa197397.jpg,3
8fc231b35.jpg,3
8fca2dcef.jpg,3
8fe061cf3.jpg,3
8fe4c6338.jpg,3
8fea6ee2e.jpg,3
8ff2bd9f3.jpg,3
8ff37df24.jpg,3
8ffd996fc.jpg,3
900793e4a.jpg,3
9011a3cea.jpg,3
901fc8fcf.jpg,3
902acb77f.jpg,4
903045607.jpg,3
903581cf7.jpg,3
9049554fa.jpg,3
904a960a0.jpg,3
9056783d7.jpg,3
907782556.jpg,3
90841ac32.jpg,3
908c97b13.jpg,3
908d32057.jpg,3
90928cdb6.jpg,3
90933a3ea.jpg,3
90a586e20.jpg,3
90b1a6e0e.jpg,3
90c120a6f.jpg,3
90c833e27.jpg,3
90dcb6e42.jpg,3
90ea6f9da.jpg,1
90eab7eb8.jpg,3
90efd957c.jpg,3
90f699846.jpg,3
90fa6f720.jpg,3
90fc4dc47.jpg,3
91059dd98.jpg,3
91074884f.jpg,1
9110ffe6e.jpg,3
911e86fb7.jpg,3
912291a66.jpg,3
912b36b70.jpg,3
9132d6f86.jpg,3
91369a251.jpg,3
91376eb04.jpg,3
914447cf0.jpg,2
915619e98.jpg,3
9159e41a0.jpg,4
91604e4f4.jpg,3
916364c43.jpg,3
91654d697.jpg,3
9165b9baa.jpg,3
917631618.jpg,3
9177da79f.jpg,3
9184715d9.jpg,1
918ad07ae.jpg,3
918cfd571.jpg,3
9192b8d2b.jpg,3
91a32baec.jpg,3
91a89f33b.jpg,3
91b9ea563.jpg,3
91bca5d5c.jpg,3
91c23c057.jpg,3
91e095d43.jpg,3
91eb5ba69.jpg,1
91ef23069.jpg,3
920683129.jpg,3
92285ff50.jpg,3
922cf5c9c.jpg,3
922d5e2c9.jpg,3
9251368e0.jpg,3
925d8c1ad.jpg,3
925f3848a.jpg,3
926029c47.jpg,3
926efda92.jpg,3
926fa2cd1.jpg,3
9270234a4.jpg,3
927d7dc47.jpg,1
92874cf80.jpg,3
92a1948f6.jpg,3
92a4a1f48.jpg,3
92a991cf2.jpg,1
92e314c7a.jpg,1
92e3d4bb9.jpg,1
92e7a1725.jpg,3
92f506757.jpg,3
92f9b0576.jpg,3
930057b20.jpg,1
93189e6cf.jpg,3
932101fec.jpg,3
933f65189.jpg,3
934861733.jpg,3
93523374a.jpg,3
9354f7429.jpg,3
9358317ca.jpg,3
9363a3a44.jpg,3
938120712.jpg,3
938d7cf10.jpg,3
93910dcd7.jpg,3
93bd623da.jpg,1
93be191a3.jpg,3
93cbac50f.jpg,3
93edba520.jpg,1
93f478d2c.jpg,3
93f5ccd5c.jpg,3
9414a468c.jpg,3
94279dabd.jpg,3
942b8b927.jpg,3
9430d80b2.jpg,3
943a908b4.jpg,3
943c8aae3.jpg,3
944afa4e4.jpg,3
945f8d43a.jpg,3
945fe64f0.jpg,1
947247c7c.jpg,3
9473804b1.jpg,3
9483fc33d.jpg,3
948465d77.jpg,3
9484781db.jpg,3
948c2c458.jpg,3
948f0cad1.jpg,1
949a1d446.jpg,1
94a3d122f.jpg,3
94a55271b.jpg,3
94a687dea.jpg,3
94b1d0288.jpg,3
94b72158c.jpg,3
94bad4317.jpg,3
94c559bb6.jpg,3
94c65ec76.jpg,3
94df3f466.jpg,3
94e71d1a3.jpg,3
94f67dce2.jpg,3
94fa74c53.jpg,1
94fb7b4af.jpg,3
95047ed65.jpg,2
950487205.jpg,3
950660a30.jpg,3
950b67a8a.jpg,1
9520225ec.jpg,3
952d89e73.jpg,1
953150283.jpg,3
9534846fe.jpg,3
9538fe77d.jpg,4
953f7827c.jpg,3
9542ddbff.jpg,3
9553248f2.jpg,3
95587f05e.jpg,3
955caff2d.jpg,3
9568a10f7.jpg,3
9573497de.jpg,3
958589302.jpg,3
9588ded93.jpg,3
958ecd28d.jpg,4
958feb050.jpg,3
959d4e95a.jpg,4
95aa55d7d.jpg,1
95b4c9e77.jpg,3
95c1b8e33.jpg,3
95dca6ffa.jpg,3
95eb51548.jpg,3
95ee959bb.jpg,3
95fb4c98b.jpg,4
95fbc4b8e.jpg,3
9612aa03a.jpg,3
961930b74.jpg,3
961c2f5b5.jpg,3
961ea3fad.jpg,3
9623654ee.jpg,1
9626e08ec.jpg,3
964457d0e.jpg,3
96464c0a4.jpg,3
96563e41c.jpg,3
9671ed6a6.jpg,3
9676c628e.jpg,3
967ecac66.jpg,4
96998d145.jpg,3
96a864d9e.jpg,3
96b0c7f3b.jpg,3
96b765ca8.jpg,1
96b958f82.jpg,3
96bf0a6b5.jpg,3
96f4ba19b.jpg,4
96fefb723.jpg,4
9704603c1.jpg,3
97053fb2f.jpg,3
971cb01d4.jpg,3
97269fe57.jpg,3
9747b5991.jpg,3
9749755ab.jpg,3
974ae7257.jpg,3
974d7e4b2.jpg,3
97880f512.jpg,1
979993037.jpg,3
97b231ffa.jpg,3
97b325172.jpg,3
97bce0b67.jpg,3
97c8b7d9b.jpg,3
97d5bd78e.jpg,3
97e22135e.jpg,3
97ea13d01.jpg,3
980081d98.jpg,3
980d73519.jpg,3
981689840.jpg,3
9817ddf3f.jpg,1
983a083d2.jpg,3
985618ce4.jpg,3
98861ce3b.jpg,3
98892284d.jpg,3
989301e27.jpg,3
98966f4b8.jpg,3
98bae0369.jpg,3
98da1cdfd.jpg,3
98df4b262.jpg,3
98e57c0c5.jpg,3
98e921ece.jpg,3
98f76053c.jpg,3
9906a8bf2.jpg,3
990852160.jpg,3
99085f54a.jpg,3
99113fd58.jpg,1
991fdb586.jpg,3
9930cc99a.jpg,3
9939180a2.jpg,3
9939e0fbd.jpg,2
9952b7f03.jpg,3
99597b936.jpg,1
9971b06fb.jpg,1
997368746.jpg,3
99976696b.jpg,3
99ac0a458.jpg,1
99c9b2546.jpg,1
99ced6e4a.jpg,3
99efed4b3.jpg,3
99f890650.jpg,3
99fb3d0d5.jpg,1
9a17ac108.jpg,3
9a2c2d41e.jpg,3
9a52fa414.jpg,1
9a56a6690.jpg,3
9a8a05d65.jpg,3
9a8ee5f00.jpg,1
9a915d960.jpg,3
9a9703e3c.jpg,1
9aa6cf465.jpg,3
9aac3187b.jpg,1
9ab374aaf.jpg,3
9abf4e920.jpg,3
9ad96011f.jpg,3
9add1b7db.jpg,3
9aec02d72.jpg,3
9aee368c0.jpg,3
9b06a292b.jpg,3
9b16a82de.jpg,1
9b188741b.jpg,3
9b23c3d12.jpg,3
9b4e0f08d.jpg,3
9b5074b6d.jpg,3
9b5147492.jpg,3
9b5606333.jpg,3
9b569f979.jpg,1
9b66b8330.jpg,1
9b6f683af.jpg,3
9b787b3f3.jpg,3
9b84b513e.jpg,3
9b953552b.jpg,3
9b9bb345b.jpg,1
9bf40f9c2.jpg,3
9c05b3377.jpg,1
9c1af32c2.jpg,3
9c1fff809.jpg,3
9c2aacdd8.jpg,3
9c2ef44cc.jpg,3
9c3265f8a.jpg,3
9c331e570.jpg,3
9c595e23e.jpg,3
9c5b6cb95.jpg,3
9c5b7cb71.jpg,3
9c60f3644.jpg,3
9c6b31c97.jpg,3
9c79a95ce.jpg,3
9c98a69b7.jpg,3
9ca124aa0.jpg,3
9cb6d4832.jpg,3
9cbc700db.jpg,3
9cbcc8c30.jpg,3
9cc10ade1.jpg,3
9cd2dcaea.jpg,3
9cd3c80ba.jpg,3
9cd461813.jpg,3
9cd62c5df.jpg,3
9cebc2686.jpg,3
9d143b20f.jpg,3
9d2adc69b.jpg,4
9d2b4edf3.jpg,3
9d2bcaa60.jpg,3
9d2e5089b.jpg,1
9d404916b.jpg,4
9d4dbacd9.jpg,1
9d50a1095.jpg,3
9d530271c.jpg,1
9d59c4eed.jpg,3
9d6d2feec.jpg,1
9d7240eb6.jpg,3
9d73b410e.jpg,3
9d81c8973.jpg,1
9d916e73e.jpg,3
9d9c92b9f.jpg,3
9da4445ea.jpg,3
9dae5286a.jpg,3
9db682c6e.jpg,3
9dbf182e2.jpg,4
9dc1c1a6a.jpg,1
9dc80896a.jpg,3
9dde366d5.jpg,3
9e0bc52cd.jpg,3
9e23283a4.jpg,3
9e24388bd.jpg,3
9e2b50d90.jpg,3
9e2d5911a.jpg,3
9e3892f25.jpg,3
9e3aa0d14.jpg,3
9e6cc5fba.jpg,3
9e8538987.jpg,3
9e900ecc8.jpg,3
9e95cb775.jpg,3
9e9f049b6.jpg,3
9eb318bbd.jpg,3
9ebdc1f1f.jpg,3
9ec42e9ca.jpg,4
9ee751e7e.jpg,3
9ef000061.jpg,3
9ef3fbd81.jpg,3
9f31017ca.jpg,3
9f34d0e20.jpg,1
9f3d318ab.jpg,3
9f3f90b42.jpg,3
9f51a0553.jpg,3
9f587f80d.jpg,3
9f5a5dc8b.jpg,3
9f64e4f3b.jpg,1
9f672c554.jpg,3
9f6be26da.jpg,3
9f72cf6f6.jpg,3
9f7498252.jpg,3
9f7a5b38b.jpg,3
9fa361ed3.jpg,1
9fa6b6472.jpg,3
9fa98a376.jpg,3
9faed71e2.jpg,3
9fcc459b7.jpg,3
9fe197aa8.jpg,3
9fe56a5a6.jpg,3
9fe7a8c6f.jpg,3
9fef81473.jpg,3
9ff8a9f53.jpg,3
9ffc12ace.jpg,3
a003578d4.jpg,3
a016a1b45.jpg,3
a016ebfca.jpg,3
a027b3720.jpg,3
a02a1e995.jpg,3
a02e9f525.jpg,3
a03997e23.jpg,3
a03b1e23e.jpg,3
a03b535cb.jpg,3
a04270bb7.jpg,3
a0613ca60.jpg,3
a067b1cc0.jpg,3
a06b3ceb3.jpg,3
a07575cbe.jpg,3
a07c95dec.jpg,3
a0838ee79.jpg,3
a085442a8.jpg,3
a09964160.jpg,3
a0b154b20.jpg,1
a0b280324.jpg,3
a0c32332a.jpg,3
a0d37c784.jpg,3
a0da3ea1b.jpg,3
a0ec304bb.jpg,3
a0f6c52f5.jpg,3
a0fd8f9d6.jpg,3
a103a104e.jpg,3
a10b055ea.jpg,3
a1158736b.jpg,3
a138d1604.jpg,3
a147757dc.jpg,3
a154c5b83.jpg,3
a15579e45.jpg,3
a1675bd77.jpg,3
a1771df63.jpg,1
a182ee44c.jpg,4
a18a197b5.jpg,3
a19125a5e.jpg,3
a19af242c.jpg,3
a19c794fc.jpg,3
a1afcd145.jpg,3
a1c475564.jpg,3
a1cc0f4f9.jpg,3
a1db2bee0.jpg,3
a1ddc0e03.jpg,3
a1f1613bc.jpg,3
a1fa2eb32.jpg,3
a2001cb9f.jpg,3
a20204e10.jpg,3
a20756113.jpg,3
a20d6d106.jpg,4
a20ed0064.jpg,3
a20fc2072.jpg,3
a2116b101.jpg,3
a21266d21.jpg,3
a21a4e445.jpg,3
a22f8aac9.jpg,3
a2423ec13.jpg,3
a2491cf5f.jpg,3
a24b59c50.jpg,3
a24eb89b5.jpg,2
a269d58e3.jpg,3
a273ec9d4.jpg,3
a27afe1dd.jpg,1
a28406009.jpg,3
a28572637.jpg,3
a291ad959.jpg,3
a29360bc1.jpg,3
a2a7372c8.jpg,1
a2b0d7556.jpg,3
a2c33ab71.jpg,3
a2d170934.jpg,3
a2fdf285e.jpg,3
a301b86f5.jpg,3
a308d143f.jpg,3
a30fb95e0.jpg,3
a31800551.jpg,3
a31855fa5.jpg,3
a320f45bd.jpg,3
a3217152f.jpg,3
a32e85e53.jpg,3
a34a51976.jpg,3
a34bfe95d.jpg,3
a358b4b36.jpg,1
a35a3a040.jpg,3
a35bd7546.jpg,3
a35f51c71.jpg,1
a378724f0.jpg,3
a3849d778.jpg,3
a3880f530.jpg,3
a38deb87e.jpg,3
a391c72d7.jpg,1
a3a75b4ef.jpg,3
a3ae9f3e5.jpg,3
a3bee7e2b.jpg,3
a3d2c9b25.jpg,3
a3d85f9f3.jpg,3
a3dd8b9d0.jpg,3
a3ecdc479.jpg,2
a3fb191f3.jpg,3
a40c26912.jpg,4
a428bdd60.jpg,3
a437f34dc.jpg,3
a43fa0fb8.jpg,1
a44298fe1.jpg,3
a455ede4d.jpg,3
a45891d4f.jpg,3
a46396cca.jpg,1
a464778f2.jpg,3
a467ebb37.jpg,1
a468171d3.jpg,3
a477615df.jpg,3
a478fb0b0.jpg,3
a4a2f54f4.jpg,3
a4ab44112.jpg,3
a4b6b6d9a.jpg,3
a4c9fb612.jpg,3
a4d0182b6.jpg,3
a4e6808a5.jpg,3
a4e6b831a.jpg,3
a4f84f3e4.jpg,1
a4fabd66c.jpg,3
a4fcd7b09.jpg,3
a4fe1adda.jpg,3
a50dad11d.jpg,3
a5137d96e.jpg,3
a521ed387.jpg,3
a524e2390.jpg,4
a532a4ac5.jpg,3
a53709a7b.jpg,3
a550ad5c3.jpg,3
a55578b4c.jpg,3
a560d602c.jpg,3
a576dbdc5.jpg,3
a58a85a13.jpg,3
a597b96db.jpg,3
a59c35a69.jpg,3
a5a8bacf3.jpg,3
a5a94ede7.jpg,3
a5ab63bff.jpg,1
a5af72ccb.jpg,3
a5cc4e5d8.jpg,3
a5e151ad8.jpg,3
a5ea48147.jpg,3
a60c40eec.jpg,3
a61a68386.jpg,3
a61bbad2e.jpg,3
a61ea29c0.jpg,4
a6243fb67.jpg,3
a629fcebe.jpg,3
a631d53aa.jpg,3
a63c4f62b.jpg,1
a6637fbfd.jpg,1
a69c22afb.jpg,3
a69f95c48.jpg,3
a6a66a5ef.jpg,3
a6b9bd57b.jpg,3
a6bf0533b.jpg,3
a6d163bd0.jpg,3
a6d27abb1.jpg,3
a6d70c12e.jpg,3
a6db49bcd.jpg,3
a6e5a99a8.jpg,3
a6e7e3400.jpg,3
a6ed7d3ad.jpg,3
a6f9c6de7.jpg,1
a6fee6ebe.jpg,3
a731a42a4.jpg,3
a7332d817.jpg,3
a735d50e0.jpg,3
a7377c95e.jpg,3
a75d7bad4.jpg,2
a75eae54f.jpg,3
a765c8cf5.jpg,3
a7774946f.jpg,1
a779bcc94.jpg,1
a77cf57d6.jpg,3
a78ee6c2b.jpg,3
a799d853f.jpg,1
a79b53847.jpg,1
a7ac374a5.jpg,3
a7ba7beb6.jpg,3
a7e0fcef4.jpg,3
a7e803b17.jpg,3
a80205a53.jpg,3
a8036ee5a.jpg,3
a805857e8.jpg,3
a821909ee.jpg,3
a83fc096c.jpg,3
a84c71b88.jpg,1
a85cff522.jpg,3
a8675325e.jpg,3
a873b638e.jpg,3
a87a22c5f.jpg,3
a87c6f527.jpg,3
a883cd737.jpg,3
a889fda08.jpg,3
a8a382d9e.jpg,3
a8ab0eae9.jpg,3
a8b6847bb.jpg,3
a8b937db4.jpg,3
a8d0df598.jpg,3
a8de405eb.jpg,1
a8e6ce675.jpg,3
a8e7e62c7.jpg,3
a8f3c75b7.jpg,3
a8fa3a00d.jpg,3
a919f335d.jpg,3
a93168993.jpg,3
a94261525.jpg,3
a9436be78.jpg,3
a95f8f652.jpg,3
a9646c4b4.jpg,3
a96635ddf.jpg,3
a96babe87.jpg,3
a9a281fac.jpg,3
a9abf68ed.jpg,3
a9b97d590.jpg,3
a9cbf7313.jpg,3
a9cfbcc93.jpg,3
a9df27e08.jpg,3
a9ee3f893.jpg,3
aa009ff4c.jpg,3
aa05c4ccd.jpg,3
aa1d1e861.jpg,3
aa2c6f04b.jpg,3
aa373175e.jpg,3
aa39873ac.jpg,1
aa3f37c60.jpg,3
aa4af1b78.jpg,4
aa52de316.jpg,4
aa604ec06.jpg,3
aa610cdba.jpg,1
aa69155e0.jpg,3
aa85eb783.jpg,3
aa8deb96a.jpg,1
aa93d0582.jpg,3
aab0d9f7f.jpg,3
aac9f5355.jpg,3
aaccd7aee.jpg,3
aaddd5c04.jpg,1
aae38bcd5.jpg,3
aaebf8aa6.jpg,3
aaef57ed2.jpg,3
aaefbf9e7.jpg,3
aaeffe0f1.jpg,1
ab04af3f0.jpg,3
ab0ea3ac6.jpg,3
ab14b6d92.jpg,3
ab1e81c91.jpg,3
ab2aa42d4.jpg,2
ab2ae6d16.jpg,3
ab3837d96.jpg,3
ab3a9a988.jpg,3
ab42da3fe.jpg,3
ab47eae19.jpg,3
ab4b2b3cb.jpg,3
ab70a470b.jpg,3
ab730950d.jpg,3
ab7ad60ea.jpg,3
ab97db5fa.jpg,3
ab9c68950.jpg,3
ab9d7104b.jpg,3
abb01ef56.jpg,3
abb0c8dff.jpg,3
abb336b2e.jpg,3
abb5bcc54.jpg,3
abbd41d07.jpg,3
abc4c5b78.jpg,3
abc94b02e.jpg,3
abdaeb953.jpg,3
abdaf2889.jpg,1
abdecc296.jpg,3
abe3f62cd.jpg,3
abeda4224.jpg,3
abfcb4877.jpg,3
ac290f376.jpg,4
ac40ba7a3.jpg,3
ac419c3ba.jpg,3
ac4c4b03f.jpg,3
ac4eb0b7f.jpg,3
ac51a83d0.jpg,3
ac6a0cb19.jpg,3
ac6ce612d.jpg,3
ac9edbfa0.jpg,3
aca478272.jpg,3
aca4c0bf2.jpg,3
aca8c0c0e.jpg,3
acc87ea24.jpg,3
acc94d735.jpg,3
acc96f9ec.jpg,3
acdc81f46.jpg,3
acddc2ff5.jpg,3
acecbd93a.jpg,3
acf537bee.jpg,3
acf630c6a.jpg,1
ad04123d9.jpg,3
ad18395ac.jpg,3
ad22d237d.jpg,3
ad346f070.jpg,3
ad51b181e.jpg,3
ad5879d5f.jpg,1
ad6e9e5aa.jpg,3
ad84a9581.jpg,3
ad8712ffb.jpg,1
ad89dd4bb.jpg,3
ad9471f70.jpg,3
ad9c71145.jpg,3
adab9d36c.jpg,3
adafaeaba.jpg,3
adbb2ec5b.jpg,1
adcaaa7f0.jpg,3
adcb6d9fa.jpg,3
adcd7c2c3.jpg,3
add15c134.jpg,3
add9aa6e6.jpg,3
ade229aaa.jpg,3
adf355c9f.jpg,3
ae02d7b2e.jpg,3
ae03d3eae.jpg,3
ae0806027.jpg,3
ae140d64d.jpg,3
ae15916ee.jpg,2
ae2841b6b.jpg,3
ae32bf450.jpg,3
ae36e6ce6.jpg,3
ae396292a.jpg,1
ae3aae9cb.jpg,3
ae3cf9bab.jpg,3
ae429576b.jpg,3
ae5fdb4d0.jpg,3
ae64fe2b4.jpg,3
ae6ce16ce.jpg,1
ae722b734.jpg,3
ae7360e76.jpg,3
ae831607d.jpg,3
ae89187b3.jpg,3
ae99717a3.jpg,3
ae9e9bca3.jpg,3
aea7d0dcf.jpg,3
aeb2791ce.jpg,3
aeb6bd105.jpg,3
aece60df3.jpg,3
aee588c2a.jpg,3
aeed25930.jpg,3
aef263cee.jpg,3
aefeb52b4.jpg,2
af36b78de.jpg,3
af3878f3f.jpg,3
af47b5cab.jpg,3
af4a7a808.jpg,3
af59fd793.jpg,3
af5ab66fe.jpg,3
af5d1c279.jpg,1
af5d777f6.jpg,3
af66b85fd.jpg,1
af71eb041.jpg,3
af74aa160.jpg,3
af83baf22.jpg,3
afa15b5c9.jpg,3
afaafa0e2.jpg,3
afab00de8.jpg,3
afc3e3e90.jpg,3
afc80ea04.jpg,3
afd915ef5.jpg,1
afe8a8218.jpg,3
afeaaf75b.jpg,3
afec9857d.jpg,3
affcfaa11.jpg,3
b002af890.jpg,3
b0050b626.jpg,3
b015e3b0b.jpg,1
b021c2920.jpg,1
b03b804f4.jpg,3
b04479d29.jpg,3
b05447a7e.jpg,1
b058dff03.jpg,3
b05abc345.jpg,4
b069e70a9.jpg,3
b06ec3c11.jpg,3
b075c1f75.jpg,1
b083b122f.jpg,3
b09d43553.jpg,3
b0aa870f4.jpg,1
b0b36ec1c.jpg,3
b0b5a3357.jpg,3
b0cbdf92b.jpg,1
b0d4531cd.jpg,3
b0f02f147.jpg,1
b10f023a7.jpg,3
b110498f7.jpg,3
b11249b57.jpg,3
b1166a68f.jpg,3
b1410944a.jpg,1
b14c8bd75.jpg,3
b15044224.jpg,3
b15207e5a.jpg,1
b155a3831.jpg,3
b15bf05e4.jpg,1
b15d43ae2.jpg,3
b15edb119.jpg,3
b15ffbd2d.jpg,3
b1648ba07.jpg,3
b166c04da.jpg,2
b16f25c4a.jpg,1
b17c4267e.jpg,3
b187607fe.jpg,3
b19ced187.jpg,3
b1a8152cd.jpg,3
b1a839de4.jpg,3
b1a90dd95.jpg,3
b1b83ad86.jpg,3
b1bb09d6f.jpg,3
b1c324193.jpg,3
b1db71dd6.jpg,3
b1e2743f8.jpg,3
b1e55236c.jpg,3
b1ec8514e.jpg,3
b1ef91654.jpg,3
b1f404feb.jpg,3
b1fe1789e.jpg,1
b20c822c2.jpg,3
b214b85d0.jpg,3
b2157179a.jpg,1
b21f05c9b.jpg,3
b21f97531.jpg,3
b237f89b2.jpg,3
b2491c424.jpg,3
b24e83edd.jpg,3
b2560c10f.jpg,3
b25ccf611.jpg,3
b266e913e.jpg,3
b270b089e.jpg,3
b27329d23.jpg,3
b299b5716.jpg,3
b29b77cf6.jpg,3
b29f59f81.jpg,1
b2ad02162.jpg,3
b2aea7a20.jpg,3
b2c1429fa.jpg,3
b2c7e1161.jpg,3
b2cb0b482.jpg,3
b2e950e53.jpg,3
b2e9fd157.jpg,3
b2f44ef13.jpg,3
b2fae3494.jpg,3
b300d4542.jpg,3
b35e5ca10.jpg,3
b371745dc.jpg,3
b388c6de3.jpg,3
b3912fc50.jpg,3
b399d14c2.jpg,3
b3a053037.jpg,3
b3a766a95.jpg,3
b3b770462.jpg,1
b3c4b90de.jpg,3
b3c95301f.jpg,3
b3e3c04e1.jpg,3
b3f13c62c.jpg,3
b3f594ba3.jpg,3
b3f5b4d15.jpg,3
b3f921b2e.jpg,3
b40ef0cea.jpg,3
b427a8512.jpg,3
b43d12673.jpg,2
b44d48b68.jpg,3
b45460f22.jpg,3
b45ef5598.jpg,3
b461a25f2.jpg,3
b46d5b298.jpg,3
b472ead36.jpg,3
b482d9779.jpg,3
b48ba3f11.jpg,3
b48c024cd.jpg,3
b4a113603.jpg,3
b4c423e86.jpg,4
b4d365c88.jpg,3
b4d77d5f4.jpg,3
b4dfd853c.jpg,3
b4eabb7b9.jpg,3
b4f12f7d4.jpg,3
b4f9a7991.jpg,3
b5011cef0.jpg,3
b506c5877.jpg,3
b510b5179.jpg,3
b51b806f4.jpg,3
b51cdf84f.jpg,3
b5208e347.jpg,1
b5283c75d.jpg,3
b52a64ccf.jpg,3
b53d63381.jpg,3
b5446ae29.jpg,1
b55096f78.jpg,3
b550e28fb.jpg,3
b55b2f98e.jpg,3
b5611cfb1.jpg,3
b561cfe05.jpg,3
b563e67b2.jpg,3
b56d23079.jpg,3
b5727d170.jpg,3
b59bae0e7.jpg,2
b5a794250.jpg,3
b5ad19e46.jpg,3
b5bc4581d.jpg,3
b5be22cc9.jpg,1
b5d442d7d.jpg,3
b5f5a45de.jpg,3
b5f61919e.jpg,3
b5feb135a.jpg,3
b631bec0a.jpg,3
b6427c1f5.jpg,3
b64844bed.jpg,3
b648b48e1.jpg,3
b64f40c00.jpg,3
b663cf8ad.jpg,3
b6785d19b.jpg,4
b6832f07b.jpg,3
b691e9917.jpg,3
b692febb2.jpg,1
b6bbcf1f4.jpg,3
b6bc15429.jpg,3
b6cb0eafb.jpg,3
b6d18d011.jpg,1
b6d316ee0.jpg,3
b6d419268.jpg,3
b6db2946b.jpg,3
b6edd61b7.jpg,3
b7018c2a5.jpg,3
b70fdd854.jpg,3
b71557177.jpg,3
b718c0bdd.jpg,3
b72593e19.jpg,3
b72fccf34.jpg,1
b742bde4b.jpg,3
b7520bce2.jpg,3
b760debb1.jpg,3
b769fa014.jpg,3
b76ffdb12.jpg,3
b79130600.jpg,3
b7ba88a81.jpg,3
b7bd3555b.jpg,1
b7c8461e6.jpg,3
b7d5cf129.jpg,3
b7e366b8c.jpg,2
b7ec896f8.jpg,3
b7f6736cd.jpg,3
b808da6f4.jpg,3
b81b25504.jpg,3
b81bb231b.jpg,3
b81d90a97.jpg,3
b8209ebbd.jpg,3
b825a0ab8.jpg,3
b82784905.jpg,3
b8350a9cc.jpg,3
b84338981.jpg,3
b8462555a.jpg,3
b85a0fa3b.jpg,3
b867cd02e.jpg,3
b87f6d32a.jpg,3
b89258ced.jpg,3
b8a209c9f.jpg,3
b8bdd375d.jpg,1
b8c76f32e.jpg,3
b8cf07a36.jpg,3
b8dd8561e.jpg,3
b8ee49cf6.jpg,1
b8f5bf5eb.jpg,2
b90cfe35c.jpg,3
b91568d51.jpg,3
b91a97b41.jpg,3
b92905227.jpg,3
b92b98314.jpg,3
b937fef38.jpg,1
b9424f00a.jpg,3
b9595f206.jpg,1
b9745c1b4.jpg,3
b97f3ef83.jpg,4
b987b736e.jpg,3
b98946867.jpg,3
b991340c8.jpg,3
b99399232.jpg,3
b9b08b60f.jpg,1
b9baca8a9.jpg,1
b9c221b9d.jpg,3
b9cac97e1.jpg,4
b9d4af840.jpg,3
b9d568b36.jpg,1
b9db4195d.jpg,2
ba0fe2399.jpg,3
ba1196257.jpg,3
ba1548a47.jpg,3
ba185a66a.jpg,1
ba19059c9.jpg,3
ba3270c85.jpg,3
ba37e4571.jpg,3
ba4168e4d.jpg,3
ba4671cf9.jpg,3
ba5b54639.jpg,3
ba6498934.jpg,3
ba698a3fb.jpg,3
ba7b94e94.jpg,3
ba8ebb757.jpg,3
bab18cd4f.jpg,1
bac14bd8e.jpg,3
bac317cbe.jpg,3
bac6dd363.jpg,3
baebf692f.jpg,3
baf9ec32f.jpg,3
bb131c78e.jpg,3
bb13a714f.jpg,3
bb177e8e0.jpg,3
bb2c16943.jpg,3
bb3ed626f.jpg,3
bb43b2824.jpg,3
bb4c7b733.jpg,3
bb5322eae.jpg,3
bb5e5c8ca.jpg,3
bb63c3d00.jpg,3
bb65e90f0.jpg,3
bb850954d.jpg,3
bb8f4ff47.jpg,3
bb9317b39.jpg,3
bbbae370e.jpg,3
bbc5bbff4.jpg,3
bbd4402da.jpg,3
bbe2bd39d.jpg,3
bbe8381c0.jpg,3
bc09a8da5.jpg,3
bc0accce3.jpg,1
bc34d04f1.jpg,3
bc5005837.jpg,3
bc6d00672.jpg,3
bc6d4c48d.jpg,3
bc7aede35.jpg,1
bc7f6b96e.jpg,3
bc82e9edb.jpg,3
bc844c51a.jpg,3
bc94d4bf4.jpg,3
bcaf9b991.jpg,3
bcafe121f.jpg,3
bcc1fd0e4.jpg,3
bcc587559.jpg,3
bcd785845.jpg,4
bcde8ce6c.jpg,3
bce893cfc.jpg,1
bce9e1234.jpg,3
bcf7d4b9a.jpg,1
bcf8c8739.jpg,3
bcfb7131c.jpg,3
bcfbbba8e.jpg,3
bd05e0869.jpg,3
bd1123759.jpg,3
bd18be172.jpg,3
bd29364c1.jpg,3
bd31fe934.jpg,3
bd3d8aa73.jpg,3
bd4b04a68.jpg,3
bd5c427ba.jpg,3
bd712a5ce.jpg,3
bd8d922a0.jpg,3
bd8fc7ac6.jpg,3
bd96c3707.jpg,3
bd9de1aa3.jpg,3
bda35ef26.jpg,3
bdaae0439.jpg,3
bdab766d8.jpg,3
bdb1f5a68.jpg,3
bdd0575eb.jpg,1
bddb8e7c7.jpg,3
bde1926cf.jpg,1
bde83a147.jpg,1
bdeec26a6.jpg,3
bdfb2a1cf.jpg,3
be0f1a423.jpg,3
be16b3bd7.jpg,3
be1d57397.jpg,1
be32e10c4.jpg,1
be3cb0832.jpg,1
be4c7826d.jpg,3
be580e071.jpg,1
be65fa5bf.jpg,1
be6f60f41.jpg,3
be71429c0.jpg,3
be76e9ca7.jpg,3
be96c9f75.jpg,3
be9d502c2.jpg,3
bea7019d6.jpg,3
beaf745ad.jpg,3
beb2bb41c.jpg,3
beb464736.jpg,3
bec462e1a.jpg,3
bed6dfbaa.jpg,3
bedcb1c50.jpg,1
bee40f5e8.jpg,3
beed63b8a.jpg,3
bef37fcc9.jpg,3
bf156e94b.jpg,3
bf15ef26b.jpg,3
bf275fe13.jpg,1
bf2eee467.jpg,3
bf3851074.jpg,3
bf4613a64.jpg,3
bf49e89d7.jpg,3
bf537d326.jpg,3
bf5fb70c4.jpg,3
bf63acc0a.jpg,3
bf8946d3e.jpg,3
bfb40616d.jpg,3
bfe66549d.jpg,3
bfea6acdb.jpg,3
bff4ca86d.jpg,3
c012bce3a.jpg,3
c026ed0bf.jpg,1
c031250e1.jpg,3
c0473efc0.jpg,3
c06c30b8f.jpg,3
c08151cdb.jpg,3
c08479410.jpg,3
c088b2aa5.jpg,3
c08f421b3.jpg,3
c090c3c13.jpg,3
c099cc14d.jpg,3
c09a61e4d.jpg,3
c0a306a89.jpg,4
c0bd7fecd.jpg,3
c0d2bf815.jpg,3
c0f291919.jpg,3
c0fe641f5.jpg,3
c107d2116.jpg,3
c17134e9a.jpg,3
c18226711.jpg,3
c18bdcaab.jpg,3
c19f4a515.jpg,1
c19fbfede.jpg,3
c1a16904e.jpg,3
c1c3f9072.jpg,3
c1cdaec82.jpg,3
c1dbb5dc2.jpg,3
c1e1e7b0c.jpg,3
c1e353dcd.jpg,3
c1fac7911.jpg,3
c1fe7bb7b.jpg,3
c203dbcd8.jpg,3
c211aba5d.jpg,3
c224552e0.jpg,3
c232bb33a.jpg,3
c234bf0a0.jpg,3
c285fda54.jpg,3
c2b1fa3bb.jpg,3
c2b52f420.jpg,3
c2b717001.jpg,3
c2cd72225.jpg,3
c2cf4d6a4.jpg,3
c3024f1df.jpg,3
c30cfc352.jpg,3
c316ff42d.jpg,3
c317afb0d.jpg,3
c31fb36b0.jpg,3
c329ee870.jpg,1
c32dca83f.jpg,1
c3404a212.jpg,3
c367c6133.jpg,3
c3697c31b.jpg,3
c37e5676c.jpg,3
c3830a69d.jpg,3
c38908d5f.jpg,3
c3ac9d13a.jpg,1
c3c5f4579.jpg,3
c3d2f200d.jpg,3
c3db04098.jpg,3
c3e859718.jpg,1
c3ee5cece.jpg,3
c3efffd1a.jpg,3
c3f9989d5.jpg,3
c4122a477.jpg,3
c4183830e.jpg,3
c41abc01e.jpg,3
c41bc1046.jpg,1
c4205f42e.jpg,3
c436c6598.jpg,3
c43fd3530.jpg,3
c4405bef9.jpg,2
c44181848.jpg,3
c45a6f20c.jpg,3
c4617b332.jpg,3
c467097f4.jpg,3
c4779c4b4.jpg,3
c47dffb07.jpg,3
c48a7c7d8.jpg,3
c4987c901.jpg,3
c4a188b8e.jpg,1
c4a6f277f.jpg,3
c4b2d361b.jpg,3
c4b46d7e7.jpg,3
c4c6ed653.jpg,3
c4cdef75c.jpg,3
c4edde8c5.jpg,3
c4f438138.jpg,3
c4f860151.jpg,3
c503b072a.jpg,3
c503d36ac.jpg,3
c5073e778.jpg,1
c50de1f31.jpg,3
c51ab9aa9.jpg,3
c521ad2a6.jpg,3
c530161a6.jpg,3
c544a9d4e.jpg,3
c5456ff9b.jpg,1
c55581dff.jpg,3
c5581b152.jpg,3
c5609d0f1.jpg,1
c5685f42e.jpg,3
c5699669f.jpg,3
c5770f737.jpg,3
c5772a9d6.jpg,3
c57bbee34.jpg,3
c588f15f5.jpg,3
c590cb628.jpg,1
c5971928d.jpg,3
c5b81a129.jpg,3
c5bd13a82.jpg,3
c5bdaa12a.jpg,3
c5c550269.jpg,3
c5c99623d.jpg,3
c5ea5ede3.jpg,3
c5eb5b8ef.jpg,3
c5f22d971.jpg,3
c5fdc7085.jpg,3
c61c8dd6b.jpg,3
c62df418e.jpg,3
c6373dff3.jpg,3
c63ec6dd2.jpg,3
c641e799b.jpg,3
c658c42ca.jpg,1
c66f8a343.jpg,3
c66fe5faa.jpg,3
c67587070.jpg,3
c6820e0fd.jpg,1
c69adf2c4.jpg,3
c6b5ec73d.jpg,3
c6b9a2ac0.jpg,3
c6bc7ca4b.jpg,4
c6beaa7d0.jpg,3
c6de9db6e.jpg,3
c6e79ad5d.jpg,3
c6f648543.jpg,3
c6fc7eb80.jpg,3
c6fe30fe6.jpg,3
c707919df.jpg,3
c70b53a15.jpg,3
c70ce636e.jpg,3
c70f0b7c0.jpg,3
c70f8c5e0.jpg,3
c716d86d5.jpg,1
c71c89af8.jpg,3
c71eb4e51.jpg,3
c723f1ada.jpg,3
c724c62c2.jpg,3
c725bafda.jpg,3
c730de63c.jpg,3
c7335eee0.jpg,3
c759436cd.jpg,3
c7667ac1b.jpg,1
c76cf4783.jpg,3
c77c67b9a.jpg,3
c7865cb81.jpg,3
c7abcfd22.jpg,1
c7d5147b1.jpg,1
c7f0c9b72.jpg,3
c7f574347.jpg,3
c7fb01bad.jpg,1
c7ff73078.jpg,3
c806af1a2.jpg,3
c809fea25.jpg,3
c80a621ed.jpg,3
c80afabec.jpg,3
c810a8210.jpg,3
c8144de93.jpg,3
c82561e06.jpg,3
c8311ec86.jpg,3
c832f2a91.jpg,3
c838e6bf9.jpg,3
c84852214.jpg,3
c866d1a07.jpg,3
c86f91dbf.jpg,3
c870157d0.jpg,3
c8766c2b0.jpg,3
c87a69e9e.jpg,3
c88afd888.jpg,3
c8d5e181c.jpg,3
c8d6c7276.jpg,3
c8f2d68aa.jpg,3
c90749e10.jpg,4
c90f155dd.jpg,1
c9105ebaa.jpg,3
c91c10abe.jpg,3
c91c8c515.jpg,3
c9283c89c.jpg,3
c93217423.jpg,3
c936baa0d.jpg,3
c9462b670.jpg,3
c95842fe0.jpg,3
c95a0bde3.jpg,3
c95cf5ff4.jpg,3
c96562a3f.jpg,3
c96a11fda.jpg,3
c9737bd79.jpg,3
c9a829f1d.jpg,3
c9c288694.jpg,3
c9c83d676.jpg,4
c9ca9769f.jpg,3
c9d337d08.jpg,1
c9dd6af37.jpg,3
c9de6ccd8.jpg,3
c9e2ce466.jpg,3
c9e624247.jpg,3
ca006d837.jpg,3
ca06f386b.jpg,3
ca0cc6593.jpg,3
ca2cf67cd.jpg,3
ca3f36941.jpg,1
ca488bf0c.jpg,3
ca57b6361.jpg,1
ca7eae31a.jpg,3
ca8cb4053.jpg,3
caa22ee7b.jpg,3
caa97f186.jpg,3
caaa39713.jpg,3
cabb682ba.jpg,3
cace69ac5.jpg,3
cad8af606.jpg,1
caf4103e1.jpg,3
cafc3c0f8.jpg,3
cb058c4b6.jpg,3
cb17da791.jpg,3
cb241fa5d.jpg,1
cb28e4857.jpg,3
cb2ec6334.jpg,3
cb2f31dd9.jpg,3
cb56debfc.jpg,3
cb658b504.jpg,3
cb6baf88f.jpg,1
cb6d21fbe.jpg,3
cb79736be.jpg,1
cb79d5976.jpg,3
cb82292d7.jpg,3
cb86f76ff.jpg,1
cb8ef1b52.jpg,3
cba3fdc7a.jpg,3
cbaa03f3a.jpg,3
cbb1d7ff5.jpg,3
cbb57da24.jpg,3
cbbd588a7.jpg,3
cbc03f38d.jpg,3
cbc8837d1.jpg,3
cc069dc99.jpg,3
cc0754ca6.jpg,1
cc1d2e3ed.jpg,3
cc2131e0b.jpg,3
cc33570d3.jpg,3
cc53db07e.jpg,3
cc543c089.jpg,3
cc5a45f4b.jpg,3
cc5d47ef1.jpg,3
cc68f6266.jpg,3
cc6e5e804.jpg,4
cc75529a8.jpg,3
cc889c09c.jpg,3
cc97fd78b.jpg,3
cc9ddbc17.jpg,3
ccab9ac6a.jpg,3
ccb37910c.jpg,4
ccb799c73.jpg,3
ccba8b288.jpg,3
ccbf31fea.jpg,3
ccd4bb323.jpg,3
cce86d44a.jpg,1
cced384bc.jpg,3
ccf05f04c.jpg,3
ccf3d81d8.jpg,3
cd17f385a.jpg,3
cd2495b76.jpg,3
cd2c6a9f6.jpg,3
cd3ad295e.jpg,4
cd3c63a35.jpg,3
cd3eafdf3.jpg,3
cd49f2ad2.jpg,3
cd52e274e.jpg,3
cd5d3b767.jpg,3
cd728676f.jpg,3
cd75780c0.jpg,2
cd90e9e2f.jpg,3
cd959786a.jpg,3
cda0f0c35.jpg,3
cdad0968a.jpg,3
cdb0eeaf8.jpg,1
cdc12746f.jpg,2
cddb0e896.jpg,3
cde3fa486.jpg,3
cde486dbf.jpg,3
cdf4b12a8.jpg,3
cdfb634a5.jpg,3
cdfd3ccb8.jpg,3
ce1595255.jpg,1
ce1c08011.jpg,3
ce1c2cb55.jpg,1
ce1c6976b.jpg,3
ce200ee33.jpg,3
ce2dc1341.jpg,3
ce3520141.jpg,1
ce3cb19ad.jpg,3
ce5786cf4.jpg,3
ce6170a7f.jpg,3
ce65e3cb7.jpg,3
ce81ef3e1.jpg,3
ce8b43c3f.jpg,1
ce8cd04be.jpg,3
ce8df86bc.jpg,3
ceae81fba.jpg,3
ceaf613db.jpg,3
cebaf478d.jpg,3
ced84b70e.jpg,3
cedb843a0.jpg,3
cef061073.jpg,3
cef1fc34d.jpg,1
cf01f1683.jpg,1
cf0483836.jpg,3
cf06b295a.jpg,3
cf075fd69.jpg,3
cf15d9341.jpg,3
cf212fd7f.jpg,3
cf2308a94.jpg,1
cf26564c9.jpg,3
cf330222a.jpg,3
cf4fe3225.jpg,3
cf57a69f6.jpg,3
cf6df9053.jpg,1
cf7510194.jpg,1
cf88bcfdc.jpg,3
cf8c73e61.jpg,3
cf8c8b49f.jpg,3
cf9e18f39.jpg,3
cfa100338.jpg,1
cfad161fa.jpg,3
cfc1f177e.jpg,3
cfd15babc.jpg,1
cfd617c99.jpg,3
cfdde1e9d.jpg,3
cfe180664.jpg,1
cfe3be217.jpg,3
cfe5611d6.jpg,3
cfeecacf4.jpg,4
cff7083bf.jpg,3
cffcdfcc7.jpg,3
d01856bb9.jpg,3
d01da361f.jpg,3
d026bc8f6.jpg,3
d02b355a6.jpg,2
d02cbfe3f.jpg,3
d04a7fb6c.jpg,3
d04f206a1.jpg,3
d0793e6b2.jpg,3
d0a61fb79.jpg,3
d0c788032.jpg,3
d0cc23544.jpg,3
d0cee7515.jpg,3
d0d0681d3.jpg,3
d0dd75bf3.jpg,3
d0e50871e.jpg,3
d0f83a37f.jpg,3
d1010eb14.jpg,2
d1094a21e.jpg,3
d10aa3eaa.jpg,3
d118e5d28.jpg,3
d1697d11c.jpg,1
d181eaa7a.jpg,3
d18484293.jpg,3
d18e48954.jpg,3
d19f4f267.jpg,3
d1a765848.jpg,3
d1ae5708a.jpg,3
d1af014c5.jpg,3
d1b14f8de.jpg,3
d1b3aa6e7.jpg,1
d1d054d6f.jpg,3
d1d1e5ce4.jpg,3
d1dbcdd73.jpg,1
d1ebc9acf.jpg,3
d1ffe3bb4.jpg,3
d2033d01e.jpg,3
d20433c70.jpg,1
d20453181.jpg,1
d22160e16.jpg,3
d221d2a3f.jpg,4
d22364fb6.jpg,3
d22746d82.jpg,3
d23579fb1.jpg,1
d2482b60f.jpg,1
d249e6983.jpg,3
d25120582.jpg,3
d276348c3.jpg,3
d28f267cd.jpg,3
d29833610.jpg,3
d2cc8297a.jpg,3
d2d0ce0d2.jpg,2
d30c49bd3.jpg,3
d3122844c.jpg,3
d328fa7ca.jpg,3
d33a5afcf.jpg,3
d33dfa024.jpg,3
d34bd0f27.jpg,3
d3612cb9b.jpg,1
d37025202.jpg,3
d3705608b.jpg,1
d37248c9c.jpg,3
d374d9575.jpg,3
d3764cee5.jpg,2
d3797515c.jpg,3
d3801de15.jpg,3
d387d301f.jpg,3
d3b31df77.jpg,1
d3b616a4d.jpg,3
d3b9e4552.jpg,1
d3bbfd329.jpg,3
d3cc17414.jpg,3
d3dcedbd7.jpg,3
d3e6289b0.jpg,3
d3e65fe39.jpg,3
d3eab1bad.jpg,3
d3f5d0e6f.jpg,3
d40dd288f.jpg,1
d42853714.jpg,3
d42cd8b5b.jpg,3
d42d5725e.jpg,3
d435fb62d.jpg,3
d43d48f40.jpg,3
d43f8718c.jpg,3
d45189d81.jpg,3
d45989186.jpg,3
d459bbe2f.jpg,3
d46a05389.jpg,3
d482010a4.jpg,3
d48963891.jpg,1
d49797229.jpg,3
d49ed89d0.jpg,1
d4a0cb9af.jpg,3
d4ab26b9f.jpg,1
d4ac8538b.jpg,3
d4bf09007.jpg,1
d4c7b5a50.jpg,3
d4ca2ce6f.jpg,3
d509a0ef5.jpg,3
d5137b6f8.jpg,3
d51dbfaff.jpg,3
d52fefa0f.jpg,3
d53490d7f.jpg,3
d537cbc67.jpg,3
d56358b9c.jpg,1
d593872fc.jpg,3
d599b529f.jpg,3
d5ae74330.jpg,4
d5bbdc8a8.jpg,3
d5c27e0b3.jpg,1
d5c5a2fb5.jpg,3
d5dfb5fab.jpg,3
d5e2414f6.jpg,1
d5e6da554.jpg,3
d5e8bbe9a.jpg,4
d5ecffd36.jpg,3
d5ed29f8a.jpg,3
d5fab51f7.jpg,3
d60373f8f.jpg,3
d6074ed01.jpg,3
d612303c8.jpg,3
d6128fbfc.jpg,3
d632dce94.jpg,3
d6377dc32.jpg,3
d64c53ce9.jpg,1
d6677e1ff.jpg,1
d66d23a18.jpg,3
d670249ed.jpg,3
d67e52625.jpg,3
d68497d38.jpg,1
d69a661a4.jpg,3
d6a83570c.jpg,1
d6aaa6918.jpg,3
d6c5f2953.jpg,2
d6cba7ed9.jpg,3
d703c6491.jpg,4
d704ab756.jpg,3
d719f2ae6.jpg,4
d720d5df0.jpg,3
d723c8b84.jpg,3
d727d0e26.jpg,1
d727e0233.jpg,3
d72d91596.jpg,3
d72ec3680.jpg,3
d736c8fb8.jpg,3
d74421b6b.jpg,3
d74741da2.jpg,3
d75bcedf0.jpg,3
d770a1260.jpg,3
d7741a3ba.jpg,3
d7838216b.jpg,1
d79e9fe53.jpg,3
d7a14c445.jpg,2
d7a46c984.jpg,3
d7cc00da8.jpg,3
d7cdb342c.jpg,3
d7e623967.jpg,3
d7f3fae23.jpg,3
d8073b1f7.jpg,1
d8129a060.jpg,3
d82a63ce0.jpg,3
d838ab96a.jpg,3
d8451253a.jpg,3
d85f11bdc.jpg,3
d86058cd2.jpg,3
d866b5d5c.jpg,3
d8697da18.jpg,3
d86f86d8e.jpg,3
d87b73199.jpg,1
d87e387bc.jpg,3
d882e0abc.jpg,1
d888063ea.jpg,3
d89072b2f.jpg,2
d898dbda6.jpg,3
d899cba2b.jpg,3
d8ad15be2.jpg,3
d8b27c0ee.jpg,1
d8beae3f0.jpg,3
d8c84083f.jpg,3
d8d24f9d5.jpg,3
d8e4d055f.jpg,3
d8e8ccc4e.jpg,3
d8f8075c8.jpg,3
d90fe397c.jpg,3
d91b461ec.jpg,3
d91bdcdc0.jpg,3
d92bedaf6.jpg,3
d9411a571.jpg,3
d9478364a.jpg,3
d94a5e8a8.jpg,3
d96935f24.jpg,3
d969f659e.jpg,3
d9707c2a8.jpg,3
d9790fe90.jpg,3
d9853a856.jpg,1
d98aded62.jpg,1
d9aa75dcc.jpg,3
d9bb4a465.jpg,3
d9bff439f.jpg,1
d9d3cc821.jpg,3
d9f4fcf01.jpg,3
da087e582.jpg,1
da1ae6ece.jpg,3
da20415dd.jpg,4
da2c3c94d.jpg,3
da2e43f73.jpg,1
da5c2583b.jpg,1
da67871af.jpg,4
da6cce90a.jpg,3
da8392b29.jpg,3
da8475a4d.jpg,3
da891d3af.jpg,3
da9942d06.jpg,3
dab41427c.jpg,3
dad45e1ab.jpg,3
dad835a5e.jpg,3
dae47b14e.jpg,3
db021d031.jpg,3
db10954bc.jpg,1
db24670d4.jpg,3
db2e1ff41.jpg,3
db381c6e7.jpg,3
db3bb0d46.jpg,3
db406c510.jpg,3
db44963e5.jpg,3
db6a2003b.jpg,3
db6a9172c.jpg,2
db6d480b5.jpg,3
db72ffc2e.jpg,3
db730a124.jpg,3
db758d243.jpg,3
db7cff638.jpg,3
db9b94ec0.jpg,1
db9d34c52.jpg,1
dbeb33ddc.jpg,3
dbefb141e.jpg,3
dbf5acb5e.jpg,3
dbfc43562.jpg,3
dc074ffd3.jpg,3
dc0cc9179.jpg,3
dc108224f.jpg,3
dc1283e68.jpg,3
dc2033d9a.jpg,3
dc2205ab2.jpg,3
dc2389797.jpg,4
dc265fa8b.jpg,3
dc2977a7c.jpg,3
dc3090141.jpg,1
dc33467ce.jpg,3
dc4f9fc81.jpg,3
dc5acf74b.jpg,3
dc5c24d9f.jpg,3
dc5d220aa.jpg,3
dc74717d9.jpg,3
dc7a4ab17.jpg,3
dc852d7bc.jpg,3
dc89301ff.jpg,3
dc8b0afdb.jpg,4
dc8d040ab.jpg,3
dc9f2a84b.jpg,3
dca50791d.jpg,1
dcc359aca.jpg,3
dcdfc29b2.jpg,3
dcebca3d6.jpg,3
dcef185c1.jpg,2
dcf0cab3d.jpg,3
dd135f9ec.jpg,3
dd37b174a.jpg,3
dd4531cef.jpg,3
dd460a71f.jpg,3
dd522b9fe.jpg,3
dd571d45c.jpg,3
dd77c2560.jpg,3
dd7e2d6f5.jpg,3
dd7f00ee2.jpg,3
dd8b6bbc0.jpg,1
dd9364137.jpg,3
ddca8eddd.jpg,3
ddd51fc3b.jpg,3
dde40f6ee.jpg,3
ddedcc295.jpg,3
de0344beb.jpg,3
de1752dbc.jpg,3
de1ca9faf.jpg,3
de1cbc142.jpg,1
de204c923.jpg,3
de2a1c17e.jpg,1
de2df260c.jpg,3
de30f5435.jpg,3
de3697a6b.jpg,3
de380b874.jpg,3
de3a78982.jpg,3
de3e2cde1.jpg,3
de441539f.jpg,3
de5881c2b.jpg,3
de5d1eab7.jpg,3
de647f3f0.jpg,3
de68c8b21.jpg,3
de6c7d918.jpg,3
de7556be9.jpg,3
de772e98c.jpg,3
de84d6b0e.jpg,3
de94107b9.jpg,3
de9d9be8d.jpg,3
de9e8b125.jpg,3
deb413061.jpg,3
dec5aa06a.jpg,3
dedf68f1e.jpg,3
dee193676.jpg,3
dee199566.jpg,3
deecb0ebc.jpg,3
deee92c53.jpg,3
def7d77bd.jpg,3
def82377d.jpg,3
defe590d5.jpg,3
df0facbbd.jpg,3
df1563e0a.jpg,3
df26bf446.jpg,3
df35fdc3b.jpg,3
df3bbe08a.jpg,3
df40eeee1.jpg,3
df44f4681.jpg,3
df49b22a1.jpg,3
df62d5dac.jpg,3
df6315644.jpg,1
df6767e85.jpg,3
df6d7abe9.jpg,3
df71a40b4.jpg,3
df78c5378.jpg,1
df88012c9.jpg,3
df8bb3d7a.jpg,3
df8bdbe64.jpg,3
df8db6488.jpg,3
df921f305.jpg,3
dfa6bb9f2.jpg,3
dfa738334.jpg,3
dfaa910f1.jpg,3
dfacf6847.jpg,3
dfb1ab260.jpg,3
dfc265237.jpg,3
dfce7af35.jpg,3
dfe22fbdf.jpg,3
dfe7621cd.jpg,1
dfef2b00d.jpg,3
dfff97cdb.jpg,3
e01423b52.jpg,3
e01b0d22c.jpg,3
e01e85c24.jpg,4
e028447a2.jpg,3
e06ab811a.jpg,3
e06b3cf7c.jpg,3
e0736d5cd.jpg,3
e07986242.jpg,3
e07f423a3.jpg,3
e08f99e1f.jpg,1
e092e3bd8.jpg,3
e092e5eec.jpg,3
e09cb1793.jpg,3
e0a14ff15.jpg,3
e0a53c79d.jpg,3
e0a5a7636.jpg,3
e0b422958.jpg,3
e0bcd50bb.jpg,3
e0d3ed478.jpg,3
e0d6b15d3.jpg,3
e0e7ab829.jpg,3
e0f059688.jpg,1
e10331658.jpg,3
e10857d88.jpg,3
e1090545d.jpg,3
e109c4a25.jpg,3
e120be595.jpg,1
e12ebcff3.jpg,3
e1309a0b6.jpg,3
e142da92e.jpg,3
e14630e16.jpg,3
e1472f393.jpg,3
e15b2b33e.jpg,3
e1605144e.jpg,3
e16b5476a.jpg,3
e1746ca87.jpg,4
e179b9f6c.jpg,3
e17b08b5d.jpg,4
e198288a3.jpg,3
e19a5a78e.jpg,3
e19d08577.jpg,3
e1a2ddcab.jpg,1
e1ab33d6a.jpg,1
e1bb2dcd7.jpg,1
e1cd1317a.jpg,1
e1d7f5dd8.jpg,3
e1e2ed9ac.jpg,3
e1f8306ec.jpg,3
e1fd7387d.jpg,3
e1ff91d28.jpg,3
e208178c4.jpg,3
e209b2ea3.jpg,3
e20e2f62e.jpg,3
e2110e975.jpg,1
e2158d56c.jpg,3
e2243dac0.jpg,3
e2376c96d.jpg,3
e237a3954.jpg,3
e23cd3972.jpg,3
e2526a273.jpg,3
e284ee58b.jpg,3
e29bc20c9.jpg,3
e2b260925.jpg,3
e2ccc3cff.jpg,1
e2d85b801.jpg,3
e2dc3360f.jpg,4
e2f472281.jpg,3
e30317c29.jpg,3
e30b2a7dc.jpg,3
e30e861c8.jpg,3
e31cb8391.jpg,3
e327ab8f4.jpg,3
e330aef2b.jpg,3
e3696e688.jpg,1
e370ebcf6.jpg,3
e380b37ba.jpg,3
e3818998f.jpg,3
e39005c58.jpg,3
e391fbf7c.jpg,3
e3950842c.jpg,3
e397fcb9c.jpg,2
e39d1aed1.jpg,3
e39e27fec.jpg,3
e39ea7c89.jpg,3
e39fd5f95.jpg,3
e3a2682fa.jpg,3
e3b483883.jpg,3
e3b59d064.jpg,1
e3bb016c6.jpg,3
e3bddc043.jpg,3
e4060c2c4.jpg,3
e4061ebfe.jpg,1
e408cfbfa.jpg,1
e40997e7a.jpg,4
e40e4bcb1.jpg,3
e4168f460.jpg,3
e43f63abf.jpg,3
e44caf990.jpg,3
e451c61ec.jpg,3
e456de29c.jpg,3
e45717eb4.jpg,3
e460fa399.jpg,3
e4612d7c4.jpg,3
e46d406b2.jpg,3
e4785ca2b.jpg,4
e49713969.jpg,3
e49ca4ccc.jpg,3
e49f34ac1.jpg,3
e4b728071.jpg,1
e4b8463a5.jpg,3
e4c74b12b.jpg,3
e4ca239cc.jpg,3
e4cec2544.jpg,3
e4d2a3b4f.jpg,3
e4e912aff.jpg,3
e4ece4156.jpg,3
e4f7dd7de.jpg,1
e4ffe47b4.jpg,1
e510142ce.jpg,3
e51d69bc6.jpg,4
e523acb58.jpg,3
e5504dce7.jpg,3
e55cdcaaf.jpg,3
e5654ea9e.jpg,3
e57a18b8f.jpg,3
e57df8fca.jpg,4
e5803c399.jpg,3
e58a3a29b.jpg,3
e5a11bc00.jpg,3
e5c133bf8.jpg,3
e5c5688de.jpg,3
e5c597eca.jpg,3
e5f2fac5d.jpg,3
e608d4ea2.jpg,2
e6099ecff.jpg,3
e61b83be0.jpg,3
e61cdc5bc.jpg,3
e62ab86cd.jpg,3
e62fe1121.jpg,3
e63531923.jpg,3
e6479cc8e.jpg,3
e67e2a30d.jpg,3
e69e3b1bb.jpg,1
e6add8c88.jpg,3
e6ade47b0.jpg,3
e6b03d49c.jpg,3
e6f0e0ed7.jpg,3
e6f10f88f.jpg,3
e70636005.jpg,2
e71ddd5d0.jpg,3
e7266ea4b.jpg,1
e727250cc.jpg,1
e72f3f78b.jpg,3
e73f9429c.jpg,3
e7402293b.jpg,3
e74cca219.jpg,3
e75b61a6b.jpg,4
e75ea647b.jpg,3
e760e3408.jpg,3
e78a450fc.jpg,3
e7bec7032.jpg,3
e7c0e2635.jpg,3
e7c416952.jpg,3
e7c7998f7.jpg,3
e7d90a9e5.jpg,3
e7e953217.jpg,3
e7f8760be.jpg,1
e7fc0e990.jpg,1
e80bc63e0.jpg,3
e80c9a5a5.jpg,3
e821225a5.jpg,3
e82495446.jpg,3
e83b28579.jpg,3
e84c71d2a.jpg,3
e85ea3324.jpg,3
e86131975.jpg,3
e8652e0ec.jpg,3
e8769c360.jpg,3
e89125653.jpg,3
e89a4ca99.jpg,3
e89e80583.jpg,3
e8a1e41ef.jpg,3
e8a6c6449.jpg,3
e8abd6cba.jpg,3
e8c76e7c0.jpg,3
e8cd3a629.jpg,3
e8cd74541.jpg,3
e8e2cebb0.jpg,3
e8eefb79a.jpg,3
e8eff1be4.jpg,3
e904c0dc2.jpg,3
e9358bd1e.jpg,1
e93d35a42.jpg,3
e955745cc.jpg,3
e962afd43.jpg,3
e968f8497.jpg,3
e97867d51.jpg,3
e97ea2716.jpg,3
e9843e450.jpg,3
e9853efb5.jpg,1
e9ac9b04a.jpg,3
e9b8b1097.jpg,3
e9b9b962a.jpg,3
e9bc91f3e.jpg,3
e9d339446.jpg,3
e9d891a4c.jpg,3
e9e1ec555.jpg,3
e9efa73f3.jpg,3
e9f417c51.jpg,3
e9f8d0e52.jpg,3
ea007d1ce.jpg,3
ea0d223a2.jpg,3
ea1631a3c.jpg,1
ea2579ef3.jpg,3
ea2ae621a.jpg,4
ea5cbb433.jpg,3
ea69ca734.jpg,3
ea6d99d58.jpg,3
ea6e03eea.jpg,1
ea6ed545a.jpg,3
ea6eee431.jpg,3
ea8c1f361.jpg,3
eaa71741a.jpg,3
eab87e269.jpg,3
eacf21af0.jpg,3
eaea28bbe.jpg,3
eb00fc925.jpg,3
eb385d713.jpg,3
eb5041959.jpg,3
eb6fcd82c.jpg,3
eb7e35e12.jpg,3
eb84daf7f.jpg,3
eb96fbef4.jpg,3
eb9a4a809.jpg,3
eb9b3a15b.jpg,1
ebb4e0af2.jpg,3
ebb559c00.jpg,3
ebd84e914.jpg,3
ebe229fd6.jpg,3
ebe3e8549.jpg,3
ec0e63edf.jpg,3
ec1114bb6.jpg,3
ec14c8d9b.jpg,3
ec1e848f0.jpg,3
ec303e3d1.jpg,1
ec37f0f8e.jpg,3
ec44edc94.jpg,3
ec4eef061.jpg,3
ec59db5c3.jpg,3
ec6132d16.jpg,3
ec631510f.jpg,3
ec6434bac.jpg,3
ec6d7e44e.jpg,1
ec7ab4de4.jpg,3
ec7b3bfea.jpg,3
ec8250d8c.jpg,3
ec82d6165.jpg,1
ec8d94541.jpg,3
ec96e3f18.jpg,3
eca8e4eb9.jpg,1
ecaff9648.jpg,3
ecbf65809.jpg,3
ecd8d4b9c.jpg,3
ecdcdfc6d.jpg,1
ece52b68a.jpg,2
ecf026c4e.jpg,3
ecf560271.jpg,3
ecfa48939.jpg,3
ed1f2fbc8.jpg,3
ed2c259b6.jpg,3
ed2f93534.jpg,3
ed3ef836d.jpg,3
ed432bfe1.jpg,1
ed4a0f38f.jpg,3
ed635ad8a.jpg,3
ed643e04e.jpg,3
ed6998730.jpg,3
ed6c88a3d.jpg,3
ed776fdef.jpg,3
eda0eac06.jpg,3
edb3cb77c.jpg,3
edb58b88c.jpg,3
ede445af5.jpg,3
ede66fecf.jpg,3
edfba47f3.jpg,3
ee047d59d.jpg,3
ee0e5d355.jpg,3
ee1f0615d.jpg,3
ee2dbf35b.jpg,3
ee31a802e.jpg,3
ee44f76b6.jpg,1
ee48bd8f8.jpg,3
ee5abdc3f.jpg,3
ee5b48ca5.jpg,3
ee5d0ed3e.jpg,1
ee5e1226d.jpg,1
ee65bb47b.jpg,3
ee6666c5c.jpg,1
ee6eccd0b.jpg,3
ee737e276.jpg,1
ee7f831ad.jpg,3
ee9bef54a.jpg,1
eec647f66.jpg,3
eed125608.jpg,3
eedb8f8fc.jpg,3
ef01c7622.jpg,1
ef0ed5a6f.jpg,3
ef160ca06.jpg,3
ef4b7c6be.jpg,3
ef5611c84.jpg,3
ef56505fe.jpg,3
ef5bd0f19.jpg,3
ef5f8eb7b.jpg,3
ef6c049a1.jpg,1
ef84d8825.jpg,3
ef8b0ad46.jpg,3
ef8e8852a.jpg,3
ef963aadc.jpg,3
efb9face0.jpg,3
efc0006fa.jpg,1
efdc4bf9a.jpg,3
efdf91da2.jpg,3
efe5fcd41.jpg,3
efe815679.jpg,3
eff814426.jpg,3
f008ba20b.jpg,1
f03c15258.jpg,3
f03f096a7.jpg,3
f040741e7.jpg,3
f04940e2b.jpg,2
f04c7c5ac.jpg,3
f054cadb4.jpg,3
f05581eef.jpg,3
f075f621d.jpg,1
f07f68953.jpg,3
f0842d221.jpg,3
f087dce35.jpg,2
f08f92b60.jpg,1
f0a7d6024.jpg,3
f0bc77fe3.jpg,3
f0bd6beec.jpg,4
f0d0849e6.jpg,3
f0e63db40.jpg,3
f0fa65d89.jpg,3
f1087ba0c.jpg,3
f10af8f74.jpg,3
f11d8c839.jpg,1
f131a6bfb.jpg,1
f1338af36.jpg,3
f1460236d.jpg,3
f14716640.jpg,3
f14a2776e.jpg,3
f14af366f.jpg,4
f14b9d59f.jpg,3
f14eb3bba.jpg,3
f1554840c.jpg,3
f15e2cf8a.jpg,1
f1796c0f1.jpg,3
f17b1fd56.jpg,3
f18d30fb6.jpg,3
f19b38db4.jpg,3
f1a06d4bc.jpg,3
f1a43aa49.jpg,3
f1aa776be.jpg,3
f1c28d5d4.jpg,2
f1d16bebb.jpg,3
f1d2a3de3.jpg,3
f1d34218a.jpg,3
f1d90c01a.jpg,4
f1d98dffe.jpg,4
f1ef7c8af.jpg,3
f1ff7d363.jpg,3
f21c3fb83.jpg,3
f2313afbd.jpg,3
f235a7eec.jpg,3
f246790fc.jpg,3
f250fc64b.jpg,3
f25152812.jpg,3
f27c44348.jpg,1
f289fa572.jpg,3
f28b12b37.jpg,2
f29367e35.jpg,1
f29eea44e.jpg,3
f2aebd6c2.jpg,3
f2cca0c48.jpg,3
f2e101daa.jpg,3
f2e5124ff.jpg,1
f2f72af0b.jpg,3
f30dadc8a.jpg,3
f32d1ef36.jpg,3
f3359c2a2.jpg,3
f33e07648.jpg,3
f36ca6bba.jpg,3
f3760f8af.jpg,3
f39068d43.jpg,3
f3a48ec4f.jpg,3
f3e31ebb4.jpg,2
f3e43b28e.jpg,3
f3f84fd8a.jpg,3
f402a48fa.jpg,3
f41dde33c.jpg,3
f421a4077.jpg,3
f425a321c.jpg,3
f43b58b4b.jpg,3
f44ab2bbf.jpg,3
f44b60b51.jpg,3
f4556e0db.jpg,3
f462d760b.jpg,3
f46e7dce1.jpg,3
f472e6982.jpg,3
f4764309b.jpg,3
f493efb68.jpg,3
f49971678.jpg,3
f49af581c.jpg,3
f4ab50226.jpg,3
f4ac9794b.jpg,3
f4bc14256.jpg,3
f4c03d027.jpg,3
f4d56263d.jpg,4
f4db0f3d0.jpg,3
f4e300a1f.jpg,3
f4ed0d6e8.jpg,3
f4f390785.jpg,3
f502cec66.jpg,3
f50a536c6.jpg,3
f52d21aa7.jpg,3
f531f953f.jpg,3
f537fd23b.jpg,3
f53908684.jpg,2
f540849ec.jpg,3
f54d72a66.jpg,3
f550b3e1b.jpg,3
f569a6071.jpg,3
f56fb3e7c.jpg,3
f5714f80e.jpg,3
f57cb088d.jpg,3
f57d9840d.jpg,1
f58b53624.jpg,3
f5965305f.jpg,3
f5a10a598.jpg,3
f5cd73e33.jpg,4
f5e3970bd.jpg,3
f5f75faf8.jpg,3
f5fdd3ec8.jpg,3
f605a77df.jpg,3
f62140262.jpg,3
f625f93a1.jpg,3
f641aecda.jpg,4
f64c46fbe.jpg,3
f654ec8c3.jpg,4
f661634a5.jpg,1
f6639a38c.jpg,1
f67141b5e.jpg,3
f688f990f.jpg,3
f6a98642d.jpg,3
f6b474c54.jpg,3
f6b8ad410.jpg,3
f6bfa6ae3.jpg,3
f6ddabbe1.jpg,3
f6e31e2d3.jpg,3
f6f5651c7.jpg,1
f6fdc3ff4.jpg,3
f70bbd473.jpg,4
f711bb1fd.jpg,3
f7210f509.jpg,3
f72752968.jpg,3
f72b791e6.jpg,1
f73337e48.jpg,3
f74f95bb2.jpg,3
f75feeb44.jpg,3
f76bc82c1.jpg,3
f76c78aa2.jpg,1
f7727f663.jpg,3
f779cc81a.jpg,3
f77fc282a.jpg,3
f781f8e14.jpg,3
f78746f43.jpg,1
f787fb85d.jpg,3
f78883c77.jpg,3
f78e7b40f.jpg,3
f79323e31.jpg,3
f7a7afae4.jpg,3
f7bb5c1ba.jpg,3
f7bfb4c30.jpg,3
f7c2eeb22.jpg,3
f7c7e853c.jpg,3
f7ccd962b.jpg,1
f7e741823.jpg,1
f7ea44b3e.jpg,3
f7f2c2817.jpg,3
f7feafcae.jpg,3
f801f8701.jpg,3
f8047f6e2.jpg,3
f8090e8cf.jpg,3
f80b6c2e0.jpg,3
f80ed5101.jpg,3
f82b3af71.jpg,3
f82d83496.jpg,3
f8343d6d6.jpg,1
f83a6224d.jpg,3
f83e863db.jpg,3
f84dd1efe.jpg,3
f84f55075.jpg,1
f87e292a3.jpg,3
f89ea01f9.jpg,3
f8a08a6da.jpg,3
f8cc12cb9.jpg,3
f8db5511b.jpg,3
f8e1d1d25.jpg,1
f8fc470ff.jpg,3
f90678eeb.jpg,3
f90694299.jpg,3
f90f559c0.jpg,1
f915d1e02.jpg,3
f917fd5d7.jpg,3
f922e252e.jpg,3
f9399b2df.jpg,3
f942a2ac3.jpg,3
f9462ebef.jpg,3
f947a5bf6.jpg,3
f948cddb2.jpg,3
f96278069.jpg,3
f9668a19d.jpg,1
f9669c529.jpg,3
f97e2276d.jpg,3
f98450a9d.jpg,3
f99381ed5.jpg,3
f9958ff87.jpg,1
f99e57a0c.jpg,3
f9a13482c.jpg,3
f9a5b9bea.jpg,3
f9b210b0e.jpg,4
f9b3e8178.jpg,3
f9c2ebdcf.jpg,3
f9ccc4b77.jpg,3
f9d438665.jpg,3
f9d491d56.jpg,3
f9f334f2a.jpg,2
f9fa707ee.jpg,3
fa1c73cea.jpg,1
fa2a43fe9.jpg,3
fa32469ab.jpg,3
fa3a2400f.jpg,3
fa4e38c1a.jpg,3
fa50419fc.jpg,3
fa52724c1.jpg,1
fa5900edc.jpg,3
fa6601a2d.jpg,3
fa93fdb9d.jpg,1
fab1d070b.jpg,3
fab6634fa.jpg,3
fada4ad4a.jpg,3
faeac05d8.jpg,3
faf6d3463.jpg,3
faffb26d4.jpg,1
fb0053a13.jpg,3
fb0d1b25a.jpg,3
fb0fe6bdb.jpg,3
fb1ef73f6.jpg,2
fb22d53a6.jpg,3
fb2e5c028.jpg,3
fb4720bcd.jpg,1
fb47d1546.jpg,3
fb5128109.jpg,3
fb52bc9fc.jpg,3
fb55d673e.jpg,3
fb6046fe2.jpg,3
fb63ca30b.jpg,3
fb64511b7.jpg,3
fb6e8874b.jpg,3
fb77759fe.jpg,3
fb878c641.jpg,3
fb8870b74.jpg,3
fba07e4b5.jpg,1
fba1f02b1.jpg,3
fbbd7e99f.jpg,3
fbca0c4fb.jpg,3
fbd9837b8.jpg,3
fbda66722.jpg,3
fbe31f65a.jpg,3
fbea02c0e.jpg,3
fbf0c871e.jpg,3
fbf73dccc.jpg,3
fbf7e0bb0.jpg,3
fc05b2532.jpg,3
fc1477b03.jpg,3
fc16a84f2.jpg,3
fc1a8fe78.jpg,3
fc1af699e.jpg,3
fc1dae347.jpg,3
fc214bcbc.jpg,3
fc2500486.jpg,3
fc28f7fe0.jpg,3
fc3c8279e.jpg,3
fc3ec57fb.jpg,3
fc5159c67.jpg,1
fc659d2b3.jpg,1
fc6ec9b13.jpg,3
fc70eb5d3.jpg,2
fc83db1ae.jpg,3
fc923ef78.jpg,3
fc9258351.jpg,3
fc9af41b0.jpg,4
fc9b9483f.jpg,4
fc9f68319.jpg,3
fca4752c3.jpg,3
fca5873cd.jpg,3
fcbc8d432.jpg,1
fcbff7cb3.jpg,3
fcc146fcb.jpg,3
fcf678d47.jpg,1
fcfb3a556.jpg,3
fd02c88dd.jpg,3
fd05df88c.jpg,3
fd0e64e40.jpg,3
fd15866ff.jpg,3
fd1b5852b.jpg,3
fd27a73e1.jpg,3
fd3f52e3a.jpg,3
fd46f64a4.jpg,3
fd59d0f4d.jpg,3
fd61e999d.jpg,3
fd63c350a.jpg,3
fd64a37bb.jpg,1
fd92267ca.jpg,3
fd93d1c6f.jpg,1
fd9a62230.jpg,1
fda34d6c7.jpg,3
fda661736.jpg,3
fdacd4806.jpg,1
fddac5412.jpg,3
fde6e2d1e.jpg,3
fdf93ac90.jpg,2
fdfab423e.jpg,3
fe03f768e.jpg,3
fe08d9dc4.jpg,3
fe1808f5e.jpg,3
fe2ed6b16.jpg,2
fe3116441.jpg,3
fe6c10612.jpg,3
fe7315df8.jpg,3
fe7cfcea7.jpg,1
fe9dd053f.jpg,3
feb0e9a05.jpg,1
febee322c.jpg,3
fec39dc8f.jpg,3
fed4c950f.jpg,3
fed9a49cc.jpg,1
ff18d8aa8.jpg,3
ff195b996.jpg,3
ff390556f.jpg,1
ff425374d.jpg,3
ff4d29e0d.jpg,3
ff4db885a.jpg,3
ff55577a8.jpg,3
ff55d7c18.jpg,3
ff57de822.jpg,3
ff5983d36.jpg,3
ff5f30cea.jpg,3
ff6aa9608.jpg,1
ff6b5bf9d.jpg,3
ff740a9be.jpg,3
ff77b45cc.jpg,3
ff82f0901.jpg,3
ff8ada2b4.jpg,3
ffa10f6f3.jpg,3
ffabb7aa2.jpg,1
ffaf13d96.jpg,3
ffb2e783d.jpg,1
ffbf79783.jpg,3
ffc9a6187.jpg,4
ffdb60677.jpg,3
ffe6e2da6.jpg,1
fff4fd9bb.jpg,4
fff598023.jpg,3
